"t","V [м³]","N активних","T життя [с]","V вкінці [м³]"
0,2.945243112740431e-10,1,111,2.945243112740431e-10
1,8.246680715673207e-9,2,69.5,2.945243112740431e-10
2,4.50622196249286e-8,3,122,2.945243112740431e-10
3,1.4608405839192537e-7,4,109.5,2.356194490192345e-9
4,3.607922813107028e-7,5,85,2.356194490192345e-9
5,7.528041396164543e-7,6,81,2.356194490192345e-9
6,0.000001399874051485527,7,51.5,2.356194490192345e-9
7,0.000002393893602035422,8,95,2.356194490192345e-9
8,0.000003840891543324796,9,38,2.356194490192345e-9
9,0.000005861033794353458,10,119,2.356194490192345e-9
10,0.00000858862344106237,11,93.5,2.356194490192345e-9
11,0.000012172100736333652,12,110,2.356194490192345e-9
12,0.000016774043099990572,13,167.5,7.952156404399164e-9
13,0.000022571165118797566,14,77.5,7.952156404399164e-9
14,0.000029754318546460206,15,32,7.952156404399164e-9
15,0.00003852849230362522,16,36.5,7.952156404399164e-9
16,0.000049112812477880506,17,97.5,7.952156404399164e-9
17,0.0000617405423237551,18,103,1.884955592153876e-8
18,0.00007665908226271922,19,88,1.884955592153876e-8
19,0.0000941299698831842,20,32.5,1.884955592153876e-8
20,0.0001144288799405025,21,135,1.884955592153876e-8
21,0.00013784562435696784,22,75,1.884955592153876e-8
22,0.000164684152221815,23,86,1.884955592153876e-8
23,0.00019526254979121998,24,82.5,3.681553890925539e-8
24,0.00022991304048829988,25,105,6.361725123519331e-8
25,0.000268981984903113,26,55,6.361725123519331e-8
26,0.0003128298807926587,27,44.5,6.361725123519331e-8
27,0.0003618313630808776,28,79,6.361725123519331e-8
28,0.00041637520385865155,29,80,6.361725123519331e-8
29,0.00047686431238380325,30,43.5,6.361725123519331e-8
30,0.000543715735081097,31,75.5,6.361725123519331e-8
31,0.0006173606555422375,32,108,1.0102183876699678e-7
32,0.0006982443945258714,33,94.5,1.0102183876699678e-7
33,0.0007868264099575868,34,83.5,1.0102183876699678e-7
34,0.0008835802969299112,35,68,1.0102183876699678e-7
35,0.0009889937877023153,36,93,1.0102183876699678e-7
36,0.0011035687517012098,37,75,1.0102183876699678e-7
37,0.0012278211955199462,38,140.5,1.0102183876699678e-7
38,0.001362281262918819,39,63.5,1.5079644737231008e-7
39,0.001507493234825062,40,68,1.5079644737231008e-7
40,0.0016640155293328508,41,126.5,1.5079644737231008e-7
41,0.0018324207017033022,42,84.5,1.5079644737231008e-7
42,0.002013295444364474,43,65,1.5079644737231008e-7
43,0.0022072405869113655,44,81,2.1470822291877744e-7
44,0.002414871096105915,45,134.5,2.1470822291877744e-7
45,0.002636816075877008,46,61.5,2.1470822291877744e-7
46,0.002864871846058414,45,67.5,2.1470822291877744e-7
47,0.003098939446481546,46,10.5,2.1470822291877744e-7
48,0.003348261639082805,47,60,2.945243112740431e-7
49,0.003613495802124955,48,91,2.945243112740431e-7
50,0.0038953134510377034,49,39,2.945243112740431e-7
51,0.004194400238417693,50,139,2.945243112740431e-7
52,0.0044940801977605875,49,49.5,3.920118583057514e-7
53,0.0048114392734120185,50,174.5,3.920118583057514e-7
54,0.005147177255135573,51,78.5,3.920118583057514e-7
55,0.005502008069861776,52,69,3.920118583057514e-7
56,0.005876659781688102,53,64,5.089380098815465e-7
57,0.006271874591878959,54,49.5,5.089380098815465e-7
58,0.006668438912464074,53,83.5,5.089380098815465e-7
59,0.00708618836675913,54,26,5.089380098815465e-7
60,0.007525879293195479,55,80.5,5.089380098815465e-7
61,0.007988282167371416,56,133,6.470699118690727e-7
62,0.008474181602052171,57,39,6.470699118690727e-7
63,0.008984376347169929,58,78.5,6.470699118690727e-7
64,0.009519679289823795,59,115,6.470699118690727e-7
65,0.010080917454279826,60,41.5,6.470699118690727e-7
66,0.01066893200197103,61,69.5,6.470699118690727e-7
67,0.011284578231497342,62,13,8.081747101359742e-7
68,0.01192872557862564,63,80.5,8.081747101359742e-7
69,0.012602257616289754,64,130,8.081747101359742e-7
70,0.01330607205459044,65,36.5,8.081747101359742e-7
71,0.013992129622164414,64,35.5,8.081747101359742e-7
72,0.014708667510712136,65,23,8.081747101359742e-7
73,0.015442056313205096,64,66.5,8.081747101359742e-7
74,0.016206149569672684,64,61.5,8.081747101359742e-7
75,0.017001693015671046,65,92,8.081747101359742e-7
76,0.01783036750144463,66,123.5,9.940195505498954e-7
77,0.018693099011428075,67,51.5,9.940195505498954e-7
78,0.019590827667222956,68,59.5,9.940195505498954e-7
79,0.020524507727597834,69,137.5,9.940195505498954e-7
80,0.02148369830571802,68,163.5,9.940195505498954e-7
81,0.022468646802004985,69,122.5,0.0000012063715789784806
82,0.023491490563326327,70,44.5,0.0000014469979412893737
83,0.024553212122784482,71,60,0.0000014469979412893737
84,0.02565480815064878,72,61,0.0000014469979412893737
85,0.026797289454355517,73,69,0.0000014469979412893737
86,0.02795763130134653,72,32,0.0000014469979412893737
87,0.029135851363080507,73,58,0.0000017176657833502195
88,0.030356688503607204,74,22.5,0.0000017176657833502195
89,0.03159005117404377,73,39,0.0000017176657833502195
90,0.032835663699634865,74,63.5,0.0000017176657833502195
91,0.03408225168974487,74,68,0.0000017176657833502195
92,0.03537276444658968,75,151.5,0.0000017176657833502195
93,0.036708255189106385,76,37,0.0000017176657833502195
94,0.03808979127339906,77,49.5,0.0000017176657833502195
95,0.03951845419273871,78,114.5,0.0000017176657833502195
96,0.04097532635608786,78,57,0.0000020201422510286615
97,0.042460715246827464,79,25.5,0.0000020201422510286615
98,0.04399547878215772,80,128.5,0.0000020201422510286615
99,0.04558074086685037,81,17.5,0.0000023561944901923448
100,0.047217639542844206,82,16,0.0000023561944901923448
101,0.04890732698924495,83,56.5,0.0000023561944901923448
102,0.05055581578593609,80,54.5,0.0000023561944901923448
103,0.05220754376100258,81,38,0.0000023561944901923448
104,0.05378532993510217,79,24.5,0.0000023561944901923448
105,0.0554138652987531,80,50.5,0.0000023561944901923448
106,0.05695503709404803,77,47,0.0000023561944901923448
107,0.05838779802465473,71,70.5,0.000002727589646708913
108,0.05977197746464109,69,22,0.000002727589646708913
109,0.06113720927211024,70,23.5,0.000002727589646708913
110,0.06254556002779856,71,73.5,0.0000031360948664460113
111,0.06393053085460931,69,91.5,0.0000031360948664460113
112,0.06529455393430501,70,36.5,0.0000031360948664460113
113,0.06661617965034416,70,20,0.0000031360948664460113
114,0.06787979998137518,69,64.5,0.0000031360948664460113
115,0.0691846236745048,70,65.5,0.0000031360948664460113
116,0.07053069991529297,70,36.5,0.000003583477295271282
117,0.07186668133531227,69,18.5,0.000003583477295271282
118,0.07324147664169275,69,65.5,0.000003583477295271282
119,0.07465572200694695,70,18.5,0.000003583477295271282
120,0.07606169536239467,69,46,0.000003583477295271282
121,0.07741357049234751,68,18,0.000004071504079052372
122,0.07876257224311965,69,49,0.000004071504079052372
123,0.0801542334841853,70,42,0.000004071504079052372
124,0.0814415185491028,66,72.5,0.000004071504079052372
125,0.0826757677377163,67,72,0.000004071504079052372
126,0.08388591953623004,66,44,0.000004071504079052372
127,0.0850571369879391,65,33.5,0.000004071504079052372
128,0.08623029830010266,64,80,0.000004071504079052372
129,0.08734223183676838,62,40.5,0.000004071504079052372
130,0.08844421604767488,61,9,0.000004601942363656924
131,0.08957527510954182,62,37,0.000004601942363656924
132,0.0907427238281639,63,43.5,0.000004601942363656924
133,0.09189780871072296,61,46.5,0.000004601942363656924
134,0.09307900140633059,61,43.5,0.000005176559294952581
135,0.09428801280671104,62,31,0.000005176559294952581
136,0.09547009879455481,60,46.5,0.000005176559294952581
137,0.09668834824448265,61,19,0.000005176559294952581
138,0.09791561661787035,60,49,0.000005176559294952581
139,0.09912851927345132,57,58.5,0.000005176559294952581
140,0.10026478287442275,56,120.5,0.000005176559294952581
141,0.10135293475105035,54,44.5,0.000005176559294952581
142,0.1023315397827211,52,94,0.000005176559294952581
143,0.10333997482568628,53,25,0.000005176559294952581
144,0.10435926662381367,52,69,0.00000579712201880699
145,0.10540892564557929,53,31,0.00000579712201880699
146,0.10648969409224754,54,51.5,0.00000579712201880699
147,0.10758309674829651,52,48.5,0.00000579712201880699
148,0.10870805032119071,53,42,0.00000579712201880699
149,0.10980935889332717,52,46.5,0.000006465397681087794
150,0.11094215152529024,53,42.5,0.000006465397681087794
151,0.11210277876633885,53,45.5,0.000006465397681087794
152,0.1132916187856888,54,51,0.000006465397681087794
153,0.11450580527274265,54,49.5,0.000006465397681087794
154,0.11569395846139863,51,80,0.000006465397681087794
155,0.11682732247052553,50,56,0.000006465397681087794
156,0.11790661829563741,50,49,0.000006465397681087794
157,0.11901591377804704,51,78,0.000006465397681087794
158,0.12013295642794043,51,41,0.000007183153427662637
159,0.1212806278390604,52,40,0.000007183153427662637
160,0.12245965607550457,53,88,0.000007183153427662637
161,0.12367078333853719,54,69.5,0.000007183153427662637
162,0.12491476596658961,55,68,0.000007952156404399163
163,0.12619237443526032,56,34,0.000007952156404399163
164,0.12750439335731434,57,127,0.000007952156404399163
165,0.12885017212854816,57,92,0.000007952156404399163
166,0.13012581022957637,55,30,0.000007952156404399163
167,0.13125618363884664,52,66.5,0.000007952156404399163
168,0.1323756054561265,51,58.5,0.000007952156404399163
169,0.13351816628139726,52,38.5,0.000007952156404399163
170,0.1346811903612911,51,64,0.000007952156404399163
171,0.1358594772800437,51,76.5,0.000007952156404399163
172,0.13705839739394693,51,38.5,0.000007952156404399163
173,0.1382868485769687,52,38,0.000007952156404399163
174,0.1395470807003228,53,61.5,0.000008774173757165017
175,0.1408398359652736,54,82,0.000008774173757165017
176,0.14033101340892207,58,83,0.000008774173757165017
177,0.14189529711597137,59,55.5,0.000008774173757165017
178,0.14332238609739154,58,67,0.000009650972631827845
179,0.14478627471340816,59,18.5,0.000009650972631827845
180,0.14607267060942994,58,72,0.000009650972631827845
181,0.1473536675803018,57,54.5,0.000009650972631827845
182,0.1486593748463652,58,5,0.000009650972631827845
183,0.15000043975599703,59,41,0.000009650972631827845
184,0.15130818984268354,58,52,0.000010584320174255287
185,0.1526500390705563,58,42,0.000010584320174255287
186,0.15402663774929484,59,41,0.000010584320174255287
187,0.15543101949536434,58,48.5,0.000010584320174255287
188,0.15686343877777004,59,26,0.000010584320174255287
189,0.15833320197569925,60,24,0.000010584320174255287
190,0.1598411502505853,61,109.5,0.000010584320174255287
191,0.1613876915185991,61,79,0.000010584320174255287
192,0.16297357151529676,62,11,0.00001157598353031499
193,0.16458699778177932,62,22,0.00001157598353031499
194,0.166178548255042,61,23.5,0.00001157598353031499
195,0.16774767570891444,62,46.5,0.00001157598353031499
196,0.16931963295236963,59,70,0.000012627729845874598
197,0.17088463205897092,57,40.5,0.000012627729845874598
198,0.17240044943440552,55,98,0.000012627729845874598
199,0.1707272058693519,51,1,0.000012627729845874598
200,0.1720621396663959,54,28,0.000012627729845874598
201,0.17318535024441606,51,27,0.000013741326266801756
202,0.1743317616805324,52,94.5,0.000013741326266801756
203,0.16962551912799964,48,23,0.000013741326266801756
204,0.1706469423985677,52,51.5,0.000013741326266801756
205,0.17168462841803142,51,18,0.000013741326266801756
206,0.17273960242551828,52,39,0.000013741326266801756
207,0.17365607460848267,52,6.5,0.000013741326266801756
208,0.17460024209053343,53,13,0.000013741326266801756
209,0.17557284707293486,54,73.5,0.000013741326266801756
210,0.17648116328867142,54,68.5,0.000013741326266801756
211,0.17740145721909897,53,18,0.000013741326266801756
212,0.17833348853237926,54,54,0.000013741326266801756
213,0.17929195664236394,54,59.5,0.000014918539938964106
214,0.18027458811589414,53,105.5,0.000014918539938964106
215,0.18128410524117894,54,15,0.000014918539938964106
216,0.1823124250930198,54,82,0.000014918539938964106
217,0.18322510262475775,54,56.5,0.000014918539938964106
218,0.18416017431250337,52,64.5,0.000014918539938964106
219,0.18512246564257265,53,48,0.000014918539938964106
220,0.18608957008893676,52,3,0.000014918539938964106
221,0.18708602388291934,53,14,0.000016161138008229292
222,0.1880962328458113,52,42.5,0.000016161138008229292
223,0.18912933429984574,50,71,0.000016161138008229292
224,0.19018532353263354,50,28,0.000016161138008229292
225,0.19126561308277162,51,69.5,0.000016161138008229292
226,0.19237487528393413,51,77,0.000017470887620464963
227,0.19337745047120222,49,16.5,0.000017470887620464963
228,0.1943777716639161,47,76.5,0.000018849555921538758
229,0.1953924273548598,47,22,0.000018849555921538758
230,0.19641791564997202,47,23,0.000018849555921538758
231,0.19734508937378653,44,24.5,0.000018849555921538758
232,0.19823395108066624,45,31,0.000018849555921538758
233,0.19914901661551992,46,57.5,0.000018849555921538758
234,0.20003643662589596,45,3,0.000020298910057318324
235,0.20087484690730295,42,29,0.000020298910057318324
236,0.20160809345455358,37,35.5,0.000020298910057318324
237,0.20232026796542982,37,15.5,0.000020298910057318324
238,0.20305266068670197,38,31,0.000020298910057318324
239,0.20380582856384283,39,7,0.000021820717173671305
240,0.20458031587777967,40,80.5,0.000021820717173671305
241,0.20537152746020776,40,9.5,0.000023416744416465347
242,0.20613223427614433,39,22,0.000023416744416465347
243,0.20687686389350135,40,61,0.00002508875893156809
244,0.2072891351956067,39,33.5,0.00002508875893156809
245,0.2076971406075876,38,27.5,0.00002508875893156809
246,0.2080821725342405,37,59.5,0.00002508875893156809
247,0.2084649884599753,38,36.5,0.00002508875893156809
248,0.20882206060471037,38,57,0.00002508875893156809
249,0.20919474783938047,39,41,0.00002508875893156809
250,0.20958200342458339,39,54.5,0.00002508875893156809
251,0.2099833004563264,38,43,0.00002508875893156809
252,0.21039951602800838,39,59.5,0.00002508875893156809
253,0.21081713000112023,37,30,0.00002683852786484718
254,0.21125142642027134,38,41.5,0.00002683852786484718
255,0.21170293542922186,39,59,0.00002683852786484718
256,0.21214749160275614,37,14,0.00002683852786484718
257,0.2125778081148889,37,33.5,0.000028667818362170258
258,0.21299454617269903,38,64,0.000028667818362170258
259,0.21340349317890306,38,31,0.000028667818362170258
260,0.21380430630720265,39,42.5,0.000028667818362170258
261,0.2142212782173159,39,42.5,0.000028667818362170258
262,0.21465530013980888,40,100,0.000028667818362170258
263,0.21510347896237186,40,34,0.000028667818362170258
264,0.2155660514825511,41,4,0.000028667818362170258
265,0.2159967069921661,40,36.5,0.00003057839756940498
266,0.2164167666951588,39,65,0.00003057839756940498
267,0.21681710799551174,38,83.5,0.00003057839756940498
268,0.21598626257103976,37,34.5,0.00003057839756940498
269,0.2164845332048913,41,39.5,0.00003057839756940498
270,0.21697827464388408,40,52.5,0.00003057839756940498
271,0.2174670091695851,40,52.5,0.00003057839756940498
272,0.21796474907062774,40,55.5,0.00003057839756940498
273,0.2184497225208738,39,32,0.00003057839756940498
274,0.218952233715759,40,53.5,0.00003057839756940498
275,0.21947284107337756,41,42.5,0.000032572032632418976
276,0.2200121171489905,42,42.5,0.000032572032632418976
277,0.2205706486350259,43,33,0.000032572032632418976
278,0.22113905434312114,42,18,0.000032572032632418976
279,0.22172721026248177,43,24.5,0.000032572032632418976
280,0.22233571722270284,44,42.5,0.000032572032632418976
281,0.22296519019054623,45,43.5,0.0000346504906970799
282,0.22361625826994086,46,38.5,0.0000346504906970799
283,0.22416632159297845,42,1,0.0000346504906970799
284,0.2246724825331291,40,48.5,0.0000346504906970799
285,0.2251967296221863,40,58,0.0000346504906970799
286,0.22574002006416194,41,34.5,0.0000346504906970799
287,0.2262494837999391,40,46,0.0000346504906970799
288,0.22672417187218685,41,43.5,0.0000346504906970799
289,0.2272073846561002,41,44,0.00003681553890925539
290,0.2276999067644443,40,27.5,0.00003681553890925539
291,0.22815884426557376,38,61.5,0.00003681553890925539
292,0.22863481057333246,39,38,0.00003681553890925539
293,0.22639970857562325,39,70.5,0.00003681553890925539
294,0.22706104583417902,43,29.5,0.00003681553890925539
295,0.2276900033844776,43,12,0.000039068944414813097
296,0.22830323333655422,42,76,0.000039068944414813097
297,0.22883216601287953,41,10,0.000039068944414813097
298,0.22937436318061166,42,39.5,0.000039068944414813097
299,0.2298856084939478,41,27.5,0.000039068944414813097
300,0.23032775457504295,41,82.5,0.000039068944414813097
301,0.23078602468408305,42,17,0.000039068944414813097
302,0.23125070747095255,41,35.5,0.000039068944414813097
303,0.23169724461500452,40,1,0.00004141247435962065
304,0.23211893598268157,37,22.5,0.00004141247435962065
305,0.23250549354526684,35,43.5,0.00004141247435962065
306,0.23286468626504303,35,47,0.00004141247435962065
307,0.23323565171058946,34,21,0.00004141247435962065
308,0.23361864435091112,35,28,0.00004141247435962065
309,0.2340149471339078,35,49.5,0.00004141247435962065
310,0.23442505544947123,36,35.5,0.00004384789588954572
311,0.23484947116702765,37,34.5,0.00004384789588954572
312,0.23527624072287978,37,65.5,0.00004637697615045592
313,0.2357161669742408,37,9.5,0.00004637697615045592
314,0.23615714291024725,37,62.5,0.00004637697615045592
315,0.23638236211678676,36,42.5,0.00004637697615045592
316,0.23661830819326723,37,24.5,0.00004637697615045592
317,0.23686535901437994,37,29.5,0.00004900148228821892
318,0.23710210472436544,35,44.5,0.00004900148228821892
319,0.23733981176170305,35,5,0.00004900148228821892
320,0.23758329766055208,36,42.5,0.00004900148228821892
321,0.23777358422210426,34,10,0.00004900148228821892
322,0.23796017420902577,34,23,0.00004900148228821892
323,0.2381421622535836,34,14,0.00004900148228821892
324,0.23830840208321746,31,51.5,0.00004900148228821892
325,0.2340418619435693,31,79,0.00004900148228821892
326,0.23422714041373272,34,60.5,0.00005172318144870235
327,0.23441411475488022,33,37,0.00005172318144870235
328,0.2345690395495238,32,40.5,0.00005172318144870235
329,0.23473359941248623,33,23.5,0.00005172318144870235
330,0.23490418170856558,33,14.5,0.00005172318144870235
331,0.23506956682864827,32,19,0.00005172318144870235
332,0.23522941901501926,33,19.5,0.00005454384077777386
333,0.2353899777652131,31,40,0.00005454384077777386
334,0.2355508737457433,32,28,0.00005454384077777386
335,0.23571090029050662,32,44,0.0000574652274213011
336,0.2358778896845128,32,73.5,0.0000574652274213011
337,0.2360519974365981,33,34.5,0.0000574652274213011
338,0.23621593290802068,32,100,0.0000574652274213011
339,0.23638816689643777,32,7.5,0.0000574652274213011
340,0.2365700374257953,32,41,0.0000574652274213011
341,0.23676190145955867,33,72,0.0000574652274213011
342,0.23696448912349566,34,37.5,0.0000604891085251517
343,0.23717827401269853,35,17,0.0000604891085251517
344,0.23679853409887064,33,59,0.0000604891085251517
345,0.2370315104867205,35,88,0.0000604891085251517
346,0.23725689609949585,34,33,0.0000604891085251517
347,0.23746156251602174,32,24.5,0.0000604891085251517
348,0.23767685360255258,33,18.5,0.0000604891085251517
349,0.23788954345036611,33,16.5,0.0000604891085251517
350,0.23811316191727394,34,27,0.0000604891085251517
351,0.23829830608435137,34,20,0.0000604891085251517
352,0.23713363767522766,38,90.5,0.0000636172512351933
353,0.23745636033311168,38,30,0.0000636172512351933
354,0.23349930516165307,37,51,0.0000636172512351933
355,0.23382826849516863,40,58,0.0000636172512351933
356,0.23349678373902422,38,90,0.0000636172512351933
357,0.23382919418507903,42,18,0.0000636172512351933
358,0.23417642097113672,43,37,0.0000636172512351933
359,0.23453906492679238,44,1,0.0000636172512351933
360,0.23485945436308264,42,36.5,0.0000636172512351933
361,0.2351366597612808,43,61,0.0000636172512351933
362,0.235424910115676,43,18,0.0000636172512351933
363,0.235691325910255,41,77.5,0.0000636172512351933
364,0.23592894488482352,38,31.5,0.0000636172512351933
365,0.23617377204738604,39,30,0.0000636172512351933
366,0.23642917381082068,39,21.5,0.00006685142269729358
367,0.2366766057463922,38,47,0.00006685142269729358
368,0.23691564197194648,39,92,0.00006685142269729358
369,0.2371681444380609,40,13.5,0.00006685142269729358
370,0.2374087981911327,40,42.5,0.00006685142269729358
371,0.23765340652213202,38,28.5,0.00006685142269729358
372,0.23788851497147123,37,36.5,0.00006685142269729358
373,0.23813062868155405,37,6,0.00007019339005732014
374,0.23837984661254913,38,59.5,0.00007019339005732014
375,0.23863668771629287,37,71.5,0.00007019339005732014
376,0.2388864422705831,37,12,0.00007019339005732014
377,0.23912107005624628,37,20.5,0.00007019339005732014
378,0.23932957736431543,36,25,0.00007019339005732014
379,0.23954124904158497,35,82.5,0.00007019339005732014
380,0.2397222080181992,32,54,0.00007019339005732014
381,0.2399061496425136,32,47.5,0.00007019339005732014
382,0.24009936377571994,33,49,0.00007019339005732014
383,0.24024998527565128,31,24,0.00007019339005732014
384,0.23743713673131484,31,40.5,0.00007019339005732014
385,0.23763331966957885,36,30,0.00007364492046114066
386,0.23784127238836983,37,61,0.00007364492046114066
387,0.23804846729610807,37,39.5,0.00007364492046114066
388,0.23745175132216462,38,40,0.00007364492046114066
389,0.2376647583726615,37,41,0.00007364492046114066
390,0.2378816110270906,38,27.5,0.00007364492046114066
391,0.2381042740571327,38,51,0.00007720778105462276
392,0.23833963992071983,39,25.5,0.00007720778105462276
393,0.2385846632364737,38,27.5,0.00007720778105462276
394,0.23883822127771975,38,37.5,0.00007720778105462276
395,0.23909670936141214,36,12,0.00007720778105462276
396,0.2393598235384618,37,15,0.00007720778105462276
397,0.2396363898189045,38,48.5,0.00007720778105462276
398,0.22885060411833819,40,72,0.00007720778105462276
399,0.22913832933588651,39,27.5,0.00007720778105462276
400,0.2294057300197624,39,30.5,0.00007720778105462276
401,0.22741439283542503,45,3.5,0.00007720778105462276
402,0.22590489624623472,42,7.5,0.00008088373898363408
403,0.2262440171341975,45,40.5,0.00008088373898363408
404,0.22658559082062463,46,1,0.00008088373898363408
405,0.2268976546436836,41,46.5,0.00008467456139404229
406,0.22720842579954048,41,32.5,0.00008467456139404229
407,0.22753245054940469,40,39.5,0.00008467456139404229
408,0.22784435150051957,39,16,0.00008467456139404229
409,0.22785894635824044,39,23.5,0.00008467456139404229
410,0.2282079323380094,41,30.5,0.00008467456139404229
411,0.22854659789138693,40,53,0.00008858201543171503
412,0.22888960090429666,39,58,0.00008858201543171503
413,0.22919948436387938,36,2.5,0.00008858201543171503
414,0.22948527956361586,36,53.5,0.00008858201543171503
415,0.22977672403416693,36,22.5,0.00008858201543171503
416,0.23007514284040892,35,60.5,0.00008858201543171503
417,0.23038762871680596,36,33,0.00008858201543171503
418,0.23070831415002901,35,99,0.00008858201543171503
419,0.23103707543986707,36,46.5,0.00008858201543171503
420,0.23134374328301932,35,30,0.00009260786824251992
421,0.23165885101483535,35,56.5,0.00009260786824251992
422,0.23198803995397344,36,54,0.00009260786824251992
423,0.23233181196985997,37,44,0.00009260786824251992
424,0.23268974972154577,37,30,0.00009260786824251992
425,0.2330570356748714,37,9,0.00009260786824251992
426,0.23343092692492606,37,38,0.00009260786824251992
427,0.2338122310573711,36,39,0.00009675388697232463
428,0.2342003104270728,36,46,0.00009675388697232463
429,0.23397938833023468,36,69,0.00009675388697232463
430,0.23439645242645746,39,34.5,0.00009675388697232463
431,0.23481553813755274,39,25,0.00009675388697232463
432,0.23522647995691703,37,31,0.00009675388697232463
433,0.23561975532451812,37,13,0.00009675388697232463
434,0.23596445980437403,35,55.5,0.00009675388697232463
435,0.23631224235780723,35,26.5,0.00009675388697232463
436,0.23667406871397478,36,43.5,0.00009675388697232463
437,0.23705044280397353,37,20,0.00010102183876699678
438,0.23744005134389928,37,32,0.00010102183876699678
439,0.23772662526591476,35,72,0.00010102183876699678
440,0.23802233916088206,36,42,0.00010102183876699678
441,0.23751047564101668,34,82,0.00010102183876699678
442,0.2378375790535066,38,34.5,0.00010541349077240404
443,0.2381589954960701,38,3,0.00010541349077240404
444,0.2384948041636284,39,79.5,0.00010541349077240404
445,0.2388455493371086,40,25,0.00010541349077240404
446,0.23916537210862382,37,53,0.00010541349077240404
447,0.2394220179427492,36,9,0.00010541349077240404
448,0.23968680001097353,36,51.5,0.00010541349077240404
449,0.2399598455477993,37,29,0.00010541349077240404
450,0.24023525523127165,36,45.5,0.00010541349077240404
451,0.2405204587316669,37,11.5,0.00010541349077240404
452,0.24081910019828817,38,78,0.00010541349077240404
453,0.2363091516196847,39,30.5,0.00010541349077240404
454,0.23659047240608433,39,30,0.00010993061013441405
455,0.2368776424453058,39,43,0.00010993061013441405
456,0.2371714036440894,38,29.5,0.00010993061013441405
457,0.2374750075508314,38,32,0.00010993061013441405
458,0.23778647319501428,37,12.5,0.00010993061013441405
459,0.2362739544918659,36,40,0.00011457496399889443
460,0.23659680880211703,40,35,0.00011457496399889443
461,0.2369044659524308,40,39,0.00011457496399889443
462,0.2331965497794517,42,63,0.00011457496399889443
463,0.2334443130548734,40,45,0.00011457496399889443
464,0.23368711359565003,38,37,0.00011457496399889443
465,0.23389881914321542,34,19,0.00011457496399889443
466,0.23408797679308257,34,40.5,0.00011457496399889443
467,0.23427572897293625,33,24,0.00011457496399889443
468,0.23444683434419245,33,10.5,0.00011457496399889443
469,0.23462837353369986,34,18.5,0.00011934831951171285
470,0.2348001174336629,33,1.5,0.00011934831951171285
471,0.23495404437993983,33,56.5,0.00011934831951171285
472,0.23511795923466056,33,23.5,0.00011934831951171285
473,0.23529115189971084,33,33.5,0.00011934831951171285
474,0.23546616060166436,32,20.5,0.00011934831951171285
475,0.23564417728040887,33,19.5,0.00012425244381873693
476,0.23583305896099638,34,9,0.00012425244381873693
477,0.23599831684657652,33,55.5,0.00012425244381873693
478,0.23615189183630142,32,7,0.00012928910406583433
479,0.2363025345419833,31,35,0.00012928910406583433
480,0.2321027713103816,30,32,0.00012928910406583433
481,0.23225423073197854,35,26,0.00012928910406583433
482,0.23240965945771852,35,41.5,0.00012928910406583433
483,0.23256910696768596,36,15.5,0.00012928910406583433
484,0.23272448415167146,34,29.5,0.00012928910406583433
485,0.23288494835956136,33,30.5,0.00012928910406583433
486,0.23305517428122408,34,34,0.00012928910406583433
487,0.23323606728439256,35,43,0.00012928910406583433
488,0.23341229119365436,34,36.5,0.00013446006739887273
489,0.23358038240310902,33,24.5,0.00013446006739887273
490,0.23374772257556997,34,11,0.00013446006739887273
491,0.23392334742238263,34,18,0.00013446006739887273
492,0.23410748313821816,35,27.5,0.00013446006739887273
493,0.23430261109039918,36,39,0.00013446006739887273
494,0.23450923314835193,37,18,0.0001397671009637197
495,0.23472191946187382,36,48,0.0001397671009637197
496,0.23492752246570958,35,64.5,0.0001397671009637197
497,0.23205099629265408,35,81,0.0001397671009637197
498,0.23231901076519468,40,43,0.0001397671009637197
499,0.23258597319689528,38,35.5,0.0001397671009637197
500,0.232828542830612,37,44,0.0001397671009637197
501,0.2311855928581188,39,0.5,0.0001397671009637197
502,0.2314485765608984,37,44.5,0.00014521197190624295
503,0.23171997747397005,38,27,0.00014521197190624295
504,0.2320036497424709,38,31,0.00014521197190624295
505,0.2322904018516947,37,92.5,0.00014521197190624295
506,0.2325814640296897,38,62.5,0.00014521197190624295
507,0.23284049286001768,34,43,0.00014521197190624295
508,0.2330871902519568,34,5,0.00014521197190624295
509,0.2333108290410421,32,47,0.00014521197190624295
510,0.23354412027538074,33,39.5,0.00015079644737231007
511,0.23378863700931918,34,59.5,0.00015079644737231007
512,0.2339888466839669,31,31,0.00015079644737231007
513,0.22596431740960693,32,7.5,0.00015079644737231007
514,0.2258241535843959,34,47.5,0.00015652229450778874
515,0.22484342915578126,43,53.5,0.00015652229450778874
516,0.22511909743159902,43,13,0.00015652229450778874
517,0.22533651999057047,42,46.5,0.00015652229450778874
518,0.22553164323036246,43,24.5,0.00015652229450778874
519,0.2257395329209509,44,58,0.00015652229450778874
520,0.22595111565187842,43,35,0.00015652229450778874
521,0.22617133943157447,43,3.5,0.00015652229450778874
522,0.22640517789208348,44,34.5,0.00015652229450778874
523,0.22665324600016729,45,27.5,0.00015652229450778874
524,0.2269037032894642,45,12.5,0.0001623912804585466
525,0.2271440177505295,42,18,0.0001623912804585466
526,0.22735642662215005,42,76.5,0.0001623912804585466
527,0.22758235828299855,43,5.5,0.0001623912804585466
528,0.22782215850461635,43,48,0.0001623912804585466
529,0.22804531250668525,40,51,0.0001623912804585466
530,0.22827043952711534,38,32.5,0.0001623912804585466
531,0.22849950728283025,39,29.5,0.0001623912804585466
532,0.2287420483476887,40,15.5,0.0001623912804585466
533,0.22897947411430897,37,35.5,0.0001684051723704513
534,0.2292222914429714,38,48.5,0.0001684051723704513
535,0.22946605390014874,37,12,0.0001684051723704513
536,0.22971546945695676,37,64.5,0.00017456573738937044
537,0.22969390644855542,39,10,0.00017456573738937044
538,0.2299814708558297,40,25.5,0.00017456573738937044
539,0.23028378798585575,41,16,0.00017456573738937044
540,0.2305880542777738,41,62.5,0.00017456573738937044
541,0.22386989877799374,39,36,0.00017456573738937044
542,0.22417010181251346,43,30,0.0001808747426611717
543,0.2244652004461945,39,44,0.0001808747426611717
544,0.22474034240706797,37,76,0.0001808747426611717
545,0.22501383444274953,36,1.5,0.0001808747426611717
546,0.2253004817013186,37,30,0.0001808747426611717
547,0.22559986949254468,35,40.5,0.0001808747426611717
548,0.22588303076136557,34,48.5,0.0001808747426611717
549,0.22469980820420454,29,47,0.0001808747426611717
550,0.22492592570989345,31,34,0.0001808747426611717
551,0.22515651262200592,32,43.5,0.0001808747426611717
552,0.2253984734739713,33,51.5,0.0001808747426611717
553,0.22565226772371483,34,7,0.0001808747426611717
554,0.22591836896632944,35,14.5,0.00018733395533172278
555,0.22619193993452652,34,42,0.00018733395533172278
556,0.22614775834259232,36,36,0.00018733395533172278
557,0.2264351601724468,37,4.5,0.00018733395533172278
558,0.22673609892869612,38,39.5,0.00018733395533172278
559,0.22705110475510049,39,15,0.00018733395533172278
560,0.22738072193258713,40,46,0.00018733395533172278
561,0.2276870728675804,37,8.5,0.00018733395533172278
562,0.22800728529475944,37,36.5,0.00018733395533172278
563,0.2283342906306537,36,10,0.0001939451425468912
564,0.22864751635212066,35,25.5,0.0001939451425468912
565,0.22897357538140284,35,30.5,0.0001939451425468912
566,0.22931281407909015,36,11,0.0001939451425468912
567,0.2296664025902715,37,29.5,0.0001939451425468912
568,0.2300334708901311,37,16.5,0.0001939451425468912
569,0.2303395364310668,35,29,0.00020071007145254472
570,0.2306143296751556,34,48.5,0.00020071007145254472
571,0.23087615913715942,34,57.5,0.00020071007145254472
572,0.231142478916813,33,29,0.00020071007145254472
573,0.2314127020271638,33,23.5,0.00020071007145254472
574,0.23169376304312084,33,54,0.00020071007145254472
575,0.2319863055003043,34,26,0.00020071007145254472
576,0.23227526742543558,33,33.5,0.00020071007145254472
577,0.23255618294638303,31,30,0.00020071007145254472
578,0.2328315192933017,32,60.5,0.00020763050919455088
579,0.23311843456899406,33,22,0.00020763050919455088
580,0.23340810511961824,33,3.5,0.00020763050919455088
581,0.23370045672504808,34,20.5,0.00020763050919455088
582,0.23400506584326453,35,53,0.00020763050919455088
583,0.23432242020652688,36,16,0.00020763050919455088
584,0.23464876197914797,35,51,0.00021470822291877744
585,0.23498213257445738,34,9.5,0.00021470822291877744
586,0.2353289057930758,35,60,0.00021470822291877744
587,0.23563570440502218,34,41,0.0002219449797710919
588,0.2358894474075357,34,3.5,0.0002219449797710919
589,0.23615522172816467,35,93,0.0002219449797710919
590,0.236428736147694,35,3,0.00022934254689736206
591,0.23671489685210073,36,1,0.00022934254689736206
592,0.23182969131421138,35,13.5,0.00022934254689736206
593,0.23214287668584782,35,12,0.00022934254689736206
594,0.23247008112017642,36,23,0.00022934254689736206
595,0.23281112584094055,36,14.5,0.00022934254689736206
596,0.233152401763289,35,10,0.0002369026914434555
597,0.23346411657503913,31,43,0.0002369026914434555
598,0.23361944869680507,27,11.5,0.0002369026914434555
599,0.23376969615086124,26,34.5,0.0002369026914434555
600,0.23392713971741463,27,70,0.0002369026914434555
601,0.23408582175869697,25,27.5,0.0002369026914434555
602,0.23424529341965794,26,52.5,0.0002369026914434555
603,0.2343638636059392,24,51.5,0.00024462718055523984
604,0.23444918288105066,24,6.5,0.00024462718055523984
605,0.23453998767145962,24,38,0.00024462718055523984
606,0.23462717246355858,22,16,0.00024462718055523984
607,0.2347089106175692,22,101.5,0.00024462718055523984
608,0.23479292102664134,22,45.5,0.00024462718055523984
609,0.23488263637162277,23,15,0.0002525177813785827
610,0.23496759338183137,21,53,0.0002525177813785827
611,0.2350576751150561,21,35.5,0.0002525177813785827
612,0.2351534264412728,22,38,0.0002525177813785827
613,0.23525515130957092,23,7.5,0.0002605762610593518
614,0.23536316780620625,24,62,0.0002605762610593518
615,0.23547780815460229,25,57.5,0.0002605762610593518
616,0.2355976689464157,25,29.5,0.00026880438674341473
617,0.23572287034756528,26,9,0.00026880438674341473
618,0.23585544487032345,27,16,0.00026880438674341473
619,0.2359787948916524,27,50,0.00026880438674341473
620,0.23610958165184104,28,15,0.00026880438674341473
621,0.23620637323792526,27,64.5,0.00026880438674341473
622,0.2363066988212203,26,11.5,0.00026880438674341473
623,0.23641304713215672,27,23.5,0.00026880438674341473
624,0.23652453783756805,26,13,0.0002772039255766392
625,0.2355011689393996,28,22,0.0002772039255766392
626,0.23562531358732042,29,21.5,0.0002772039255766392
627,0.23451994558660166,30,36,0.0002772039255766392
628,0.23464477824331365,29,10.5,0.0002772039255766392
629,0.23475548904834853,29,1,0.0002772039255766392
630,0.23366588781758524,28,6,0.0002772039255766392
631,0.23380518367965086,31,34,0.0002857766447048928
632,0.23393740182799228,31,31.5,0.0002857766447048928
633,0.23407822303146608,32,44,0.0002857766447048928
634,0.23421890197969752,30,39.5,0.0002857766447048928
635,0.23434721561924443,28,107,0.0002945243112740431
636,0.23446305085277125,28,2,0.00030344869242995793
637,0.23457424173243357,27,54,0.00030344869242995793
638,0.23468034794438614,26,32,0.00030344869242995793
639,0.23477970630984307,25,68,0.00031255155531850477
640,0.2348729082336214,26,7,0.00031255155531850477
641,0.2349731439870016,27,25.5,0.00031255155531850477
642,0.23508078820490763,28,43,0.00031255155531850477
643,0.2351962296594302,29,53.5,0.00031255155531850477
644,0.23531987125982745,30,1.5,0.0003218346670855513
645,0.23544472070442518,28,60,0.0003218346670855513
646,0.23557159470913847,27,3,0.0003218346670855513
647,0.2356887991861884,24,42.5,0.0003218346670855513
648,0.23097842622471443,22,11,0.0003218346670855513
649,0.23111192702643146,27,34,0.0003218346670855513
650,0.2312484514147281,27,34.5,0.0003218346670855513
651,0.2313880049855661,28,62,0.0003312997948769652
652,0.23152873194126028,27,6.5,0.0003312997948769652
653,0.23167041138857708,28,35.5,0.0003312997948769652
654,0.2318055523961836,28,13,0.0003312997948769652
655,0.23194885820674732,29,16.5,0.00034094870583861416
656,0.23209898196059264,29,16.5,0.00034094870583861416
657,0.23225610037230648,30,54.5,0.00034094870583861416
658,0.23205231487799555,33,23.5,0.00034094870583861416
659,0.23225797649216934,32,70.5,0.00035078316711636574
660,0.2324744056206388,33,20.5,0.00035078316711636574
661,0.23163454539604744,35,13.5,0.00035078316711636574
662,0.23187331654972154,36,52,0.00035078316711636574
663,0.23212377207187257,36,24,0.00035078316711636574
664,0.2323503805495884,34,20,0.0003608049458560876
665,0.23255893586512028,34,53.5,0.0003608049458560876
666,0.23277886512050505,35,68,0.0003608049458560876
667,0.23300587709652737,35,26.5,0.0003608049458560876
668,0.23324487797916427,36,46,0.0003608049458560876
669,0.23349636963784237,37,18,0.0003710158092036474
670,0.23376086807915497,38,35,0.0003710158092036474
671,0.23398295708131428,35,14,0.0003710158092036474
672,0.2342147915984093,35,22,0.0003710158092036474
673,0.23089584926546525,33,4,0.0003814175243049128
674,0.22929302970300458,39,6.5,0.0003814175243049128
675,0.22953966229959527,38,27,0.0003814175243049128
676,0.22978578271840866,38,22.5,0.0003814175243049128
677,0.22370143263909087,39,8.5,0.00039201185830575134
678,0.22400969857115605,38,4.5,0.00039201185830575134
679,0.22431836358366292,38,15,0.00039201185830575134
680,0.22464010046867716,39,48.5,0.00040280057835203085
681,0.2249721789858331,39,44.5,0.00040280057835203085
682,0.22531070198944414,39,38,0.00040280057835203085
683,0.22002205763902016,35,15,0.00040280057835203085
684,0.2202957149028405,40,38,0.0004137854515896188
685,0.22057252063154825,39,25,0.0004137854515896188
686,0.22010656432155679,37,16.5,0.00042496824516438295
687,0.22040163409185531,40,12.5,0.00042496824516438295
688,0.2207066967775111,40,59,0.00042496824516438295
689,0.2210173083011912,40,4.5,0.00042496824516438295
690,0.22132961628490433,40,49.5,0.0004363507262221909
691,0.22165664871703528,41,15.5,0.0004363507262221909
692,0.22194342644987408,38,62,0.0004479346619089103
693,0.22218891275784536,39,22,0.0004479346619089103
694,0.2224395438164859,35,29,0.0004479346619089103
695,0.22269496325137922,36,18.5,0.0004597218193704088
696,0.2229635732520771,37,47,0.0004597218193704088
697,0.2232356789618256,37,35.5,0.0004597218193704088
698,0.21321014238641622,37,49,0.0004597218193704088
699,0.2134934308897395,40,28.5,0.0004597218193704088
700,0.21375495404645956,39,31,0.0004597218193704088
701,0.21403048772466704,40,19,0.0004839128682012136
702,0.21017843812780962,38,38.5,0.0004839128682012136
703,0.21049905994378143,42,31.5,0.0004963202938622552
704,0.21082446571814112,42,30,0.0004963202938622552
705,0.2098105522284619,41,28,0.0004963202938622552
706,0.21011111369906849,42,29,0.0004963202938622552
707,0.21040497886493387,41,37.5,0.0004963202938622552
708,0.21069738819712858,42,23.5,0.0004963202938622552
709,0.21100515108167012,43,14.5,0.0005089380098815464
710,0.21131678048137004,42,31,0.0005089380098815464
711,0.21163205550299496,43,69,0.0005089380098815464
712,0.2119336083424332,42,8.5,0.0005089380098815464
713,0.2122421310996978,43,37,0.0005217677834049551
714,0.2125563402378401,42,67.5,0.0005217677834049551
715,0.2128552344063206,40,29.5,0.0005348113815783486
716,0.20062337615985099,41,130,0.0005348113815783486
717,0.19911647933675625,42,2,0.0005348113815783486
718,0.19947295830952838,42,31,0.0005348113815783486
719,0.19984608762518963,42,12.5,0.0005348113815783486
720,0.20021514131343165,40,32,0.0005480705715475947
721,0.20057884850185104,40,44.5,0.0005480705715475947
722,0.2009539187327236,40,7.5,0.0005480705715475947
723,0.20133749070236556,40,7,0.0005480705715475947
724,0.20173326805399083,40,22,0.0005480705715475947
725,0.20214611662374637,41,2,0.0005615471204585611
726,0.2025632328507722,41,33,0.0005615471204585611
727,0.2016910774464009,38,39.5,0.0005615471204585611
728,0.20007384563129238,41,87,0.0005752427954571154
729,0.20053366906155018,45,36,0.0005752427954571154
730,0.2009765817894275,43,24,0.0005752427954571154
731,0.20044298590968185,45,13,0.0005891593636891253
732,0.20070637546696252,46,2,0.0006176622484369821
733,0.20116006896272975,44,37,0.0006176622484369821
734,0.20158755774694997,42,12,0.0006322520992445643
735,0.20201467925935412,40,19,0.0006322520992445643
736,0.20242583078002802,40,52,0.0006322520992445643
737,0.20279299951267776,39,56,0.0006322520992445643
738,0.20317371165125708,39,9,0.0006322520992445643
739,0.2035512019883955,39,5.5,0.0006470699118690727
740,0.20242797550606267,36,41,0.0006470699118690727
741,0.20275294832968477,39,6.5,0.0006470699118690727
742,0.20308870280476976,40,14,0.0006621174534563748
743,0.20335745240999137,40,7,0.0006621174534563748
744,0.20186330201003994,39,3,0.0006773964911523383
745,0.20214566393987987,40,31.5,0.0006929087921028309
746,0.20243587317546946,38,40.5,0.0007086561234537202
747,0.20268320438372656,34,7,0.0007246402523508737
748,0.20292090700319937,34,43,0.0007246402523508737
749,0.20316524348825943,33,15,0.0007408629459401593
750,0.20341592903389755,33,25.5,0.0007408629459401593
751,0.2036785272043538,34,31,0.0007408629459401593
752,0.20393484582196936,32,14,0.0007408629459401593
753,0.2041855837929349,32,54.5,0.0007408629459401593
754,0.2044202174690843,31,50.5,0.0007573259713674446
755,0.20459899755484368,30,33.5,0.0007740310957785971
756,0.20478669495317559,30,40.5,0.0007740310957785971
757,0.20498358533883515,31,31.5,0.0007740310957785971
758,0.20519076817107662,32,65,0.0007740310957785971
759,0.20492068260357915,31,12,0.0007909800863194844
760,0.2043427672945216,39,15,0.0007909800863194844
761,0.20458299811068237,39,38.5,0.0007909800863194844
762,0.20483587521172075,40,18.5,0.0008081747101359743
763,0.20502841488425427,40,52,0.0008256167343739343
764,0.20519568289825885,37,51,0.0008256167343739343
765,0.20536846617451637,37,25.5,0.0008256167343739343
766,0.20554059737394875,37,5.5,0.0008433079261792323
767,0.20570384778182332,36,93.5,0.0008612500526977358
768,0.20587768044820187,37,21,0.0008794448810753124
769,0.20606261137967802,38,20.5,0.0008794448810753124
770,0.20625144623089992,38,18,0.0008794448810753124
771,0.20643375795767582,37,13.5,0.0008794448810753124
772,0.20552863350190048,38,18.5,0.0008794448810753124
773,0.20438606236827878,38,13,0.0009165997119911554
774,0.20460897927827715,43,29.5,0.0009355632488211573
775,0.2048445474800663,43,53,0.0009355632488211573
776,0.20508508371793788,41,7,0.0009355632488211573
777,0.20533072494569687,41,15,0.0009940195505498955
778,0.20559007981443733,42,25.5,0.001014032772025278
779,0.20367812429509602,42,33.5,0.0010343128325266747
780,0.2027705435065647,45,55,0.0010343128325266747
781,0.20304885189830862,46,20,0.0010548614991999533
782,0.20330071966453217,45,46,0.0010548614991999533
783,0.20355679117625064,44,45,0.0010967717196456272
784,0.2037991084026325,44,3.5,0.0011181368077097576
785,0.2040545944000201,43,11.5,0.0011181368077097576
786,0.20431736751791724,42,55,0.0011397775705292404
787,0.20453859326932028,40,11,0.0011616957752499436
788,0.20476204856975955,38,6,0.0011616957752499436
789,0.2049507909403478,32,28,0.0011616957752499436
790,0.2050153274019585,33,29.5,0.0011838931890177343
791,0.20519742353693848,31,40.5,0.00125217835606231
792,0.20538201488188357,31,14,0.00125217835606231
793,0.20557583985851152,32,24,0.0012991302436683727
794,0.20577997465865555,32,47.5,0.0012991302436683727
795,0.20599480805440662,33,16.5,0.0013230400217819108
796,0.20621251689100867,33,6.5,0.0013230400217819108
797,0.20642068255087676,32,41,0.0013717360823593387
798,0.20663872655614507,32,30.5,0.0013717360823593387
799,0.20686743204695718,33,10,0.0014986716426537822
800,0.207096915081951,33,11.5,0.0015515611403751296
801,0.20731809223684255,31,5.5,0.0016056805716203578
802,0.2075301435559494,32,34,0.0016056805716203578
803,0.2077452570443204,31,61,0.0017176657833502195
804,0.20795250761715345,30,35.5,0.0017464528840584557
805,0.20815136778140692,30,10,0.0018648174923705132
806,0.2080757277532611,30,43,0.001895221531547644
807,0.2082848886107771,30,44,0.0019259542598561565
808,0.2084850437984272,29,48.5,0.0019570174444419187
809,0.20868358734904602,29,12,0.0022176314046131137
810,0.20889122492682405,30,17.5,0.0022862131576391422
811,0.20910870963042516,31,49,0.002356194490192345
812,0.2093334107687012,30,32,0.002356194490192345
813,0.20956023955060188,30,17.5,0.0024638216256882848
814,0.20919859903927462,34,66,0.0025746773366844104
815,0.20944273583685163,33,39,0.002766741057930883
816,0.20963761226527078,32,24.5,0.002886439566848701
817,0.20983773358262503,31,32,0.0035834772952712825
818,0.2100429937601625,32,1,0.005176559294952581
819,0.21006178205502724,31,38.5,0.006125185286027365
820,0.21028741182845667,34,17.5,0.008193114695608864
821,0.20853879419071036,35,1.5
822,0.2087944256831078,36,47.5
823,0.20905051280461473,35,28.5
824,0.20930694834838187,36,38
825,0.20956385365842545,35,17
826,0.20982733599086417,35,72.5
827,0.21010317479625812,36,2
828,0.20931219353184127,37,35
829,0.20960134071276443,35,61.5
830,0.2099028155032603,36,50.5
831,0.2101880137022178,33,42.5
832,0.21046361070315212,33,42
833,0.21074408149238938,33,0.5
834,0.21103541993418834,33,33
835,0.2113058456772654,32,58
836,0.21157285552738014,32,16.5
837,0.21184713571011882,33,4.5
838,0.2121248668342126,32,22
839,0.2124081099807919,33,23.5
840,0.2114717847975775,35,20
841,0.20601452086108446,32,18
842,0.20629090070763823,36,23
843,0.2065707229543421,36,33.5
844,0.20685131921093597,36,9
845,0.20714041926796933,37,4.5
846,0.20738214243881536,37,31
847,0.20757563342487428,38,51.5
848,0.20618260205671257,40,35.5
849,0.20640614276920216,39,49
850,0.20661501676003885,38,36
851,0.2068292561002542,38,13
852,0.20703871825614045,37,26
853,0.20725457365125172,36,32
854,0.20748121393759306,37,13
855,0.2077203591371426,38,43.5
856,0.20667465557687736,42,33
857,0.20384291182535108,46,33.5
858,0.20411619563234457,45,26
859,0.2043759283757765,44,30.5
860,0.2046336474564922,41,30
861,0.204853255091329,40,23
862,0.20504893203682628,41,35.5
863,0.20521694725900852,36,0.5
864,0.2053794354379655,34,34.5
865,0.20553663072052453,34,14.5
866,0.20570238811933667,35,4
867,0.20587449664039714,34,26
868,0.20605295628370585,35,9
869,0.20624250653447984,35,29.5
870,0.20574496278662857,38,28.5
871,0.20596301945644224,39,12
872,0.20619410411464073,40,26.5
873,0.20640716830285394,38,3.5
874,0.20658242322713172,36,24.5
875,0.2067504785046203,35,17.5
876,0.20691713243543602,36,22.5
877,0.20708254111746355,33,4
878,0.20725208109200532,33,1.5
879,0.20742955584601713,34,8.5
880,0.2076022413402034,33,3.5
881,0.20775146208251033,32,8.5
882,0.20791057913620042,33,16.5
883,0.2080795712955233,33,14
884,0.2082451566921376,30,14.5
885,0.20841278284770476,30,13.5
886,0.208582063051804,30,12.5
887,0.2082834392566414,30,6
888,0.20847437377167832,33,10.5
889,0.2081587709444951,37,9.5
890,0.2083704508684453,34,8.5
891,0.20855520214009154,33,7.5
892,0.2087462217726545,33,6.5
893,0.20894117625001613,32,5.5
894,0.20910793267529204,30,4.5
895,0.2092841545228838,31,3.5
896,0.20945307776351774,30,2.5
897,0.20962019851536673,30,1.5
898,0.20977826912417885,29,0.5
