"t","S","N"
0,0.7853981633974483,1
1,3.9269908169872414,2
2,10.995574287564278,3
3,23.56194490192345,4
4,43.19689898685965,5
5,71.47123286916779,6
6,109.95574287564277,7
7,160.22122533307945,8
8,223.83847656827274,9
9,302.37829290801767,10
10,397.4114706791089,11
11,510.50880620834147,12
12,643.2410958225099,13
13,797.1791358484098,14
14,973.8937226128356,15
15,1174.9556524425827,16
16,1401.9357216644455,17
17,1656.404726605219,18
18,1939.9334635916978,19
19,2254.092728950676,20
20,2600.45331900895,21
21,2980.586030093315,22
22,3396.061658530565,23
23,3848.4510006474957,24
24,4339.324852770901,25
25,4870.254011227577,26
26,5442.809272344317,27
27,6058.561432447917,28
28,6719.081287865171,29
29,7425.939634922875,30
30,8180.707269947821,31
31,8984.954989266807,32
32,9840.253589206628,33
33,10748.173866094077,34
34,11710.286616255953,35
35,12728.162636019044,36
36,13803.372721710151,37
37,14937.487669656068,38
38,16132.078276183585,39
39,17388.71533761951,40
40,18708.969650290615,41
41,20094.412010523713,42
42,21546.613214645597,43
43,23067.144058983056,44
44,24657.57533986289,45
45,26319.47785361189,46
46,28054.422396556856,47
47,29863.97976502458,48
48,31749.720755341852,49
49,33713.216163835474,50
50,35756.03678683224,51
51,37879.753420658926,52
52,40085.93686164236,53
53,42269.34375588726,52
54,44535.217457288905,53
55,46885.12876217406,54
56,49320.64846686954,55
57,51843.347367702154,56
58,54454.79626099868,57
59,57156.5659430859,58
60,59950.227210290635,59
61,62837.35085893965,60
62,65714.2643314645,59
63,68684.64018543366,60
64,71750.04921717392,61
65,74912.06222301205,62
66,78172.24999927486,63
67,81532.18334228915,64
68,84993.4330483817,65
69,88557.56991387931,66
70,92226.1647351088,67
71,96000.78830839692,68
72,99883.01143007052,69
73,103874.40489645634,70
74,107760.55500894689,68
75,111754.30466982292,69
76,115604.32646679724,66
77,119309.04960354298,63
78,123113.51830704023,64
79,126584.19279109359,59
80,129971.61506982676,57
81,133249.86700384764,56
82,136616.86893033242,57
83,140074.19164560805,58
84,143623.40594600106,59
85,147266.08262783845,60
86,151003.79248744695,61
87,154838.10632115323,62
88,158770.59492528424,63
89,162802.82909616674,64
90,166798.93495153286,64
91,170447.10942051408,59
92,174047.37460152796,58
93,177547.89421579044,57
94,180956.5222449354,56
95,184416.9865528645,56
96,187966.20085325753,57
97,191477.71604180752,57
98,195079.5520191482,58
99,198773.27958160645,59
100,202560.469525509,60
101,206044.49577834006,56
102,209556.01096689008,55
103,213029.82704359698,55
104,216590.822316441,56
105,220085.84414355966,56
106,223669.61596314216,57
107,227343.70857151548,58
108,231109.6927650063,59
109,234969.13933994135,60
110,238582.75628973302,57
111,242115.4772286947,56
112,245586.15171274805,55
113,249070.96336374248,55
114,252470.16661492665,54
115,255868.5844679474,53
116,259351.03992445167,54
117,262648.9268125575,53
118,266030.851304147,54
119,269428.4837590044,54
120,272819.8330285545,54
121,275982.631432556,51
122,279099.8767430805,51
123,282298.01806443505,52
124,285250.32976064604,49
125,288280.39587503346,50
126,291389.78720392386,51
127,294508.6033107751,51
128,297543.38181414286,50
129,300657.48553201376,51
130,303852.48526071454,52
131,306964.23278409534,52
132,309907.90510050894,50
133,312828.01547202066,50
134,315693.93337025796,49
135,318637.6056866717,50
136,321660.60321758833,51
137,324612.12951563596,50
138,327642.9810281867,51
139,330754.7285515675,52
140,333683.47830287647,51
141,336693.1240650154,52
142,339785.2366343113,53
143,342579.6832996793,50
144,345294.8047505442,49
145,348014.63859038975,49
146,350812.2268484115,50
147,353689.14032093645,51
148,356646.94980429113,52
149,359687.2260948025,53
150,362376.42940627545,48
151,365136.3185524542,48
152,367962.18114435807,48
153,370864.2273581119,49
154,373704.22711695684,48
155,376620.41049765155,49
156,379414.07176485646,47
157,382282.3458575838,48
158,385204.0270254224,48
159,388127.27898958756,48
160,390975.91812823,45
161,393564.5904747881,44
162,396150.12122869265,44
163,398805.55241913925,45
164,401386.37078406336,44
165,403710.3639495563,41
166,406084.6225975069,41
167,408106.23747009184,40
168,410191.4695939122,41
169,412191.8787160853,41
170,414257.4758858207,42
171,416389.8318994448,43
172,418526.1149038858,42
173,420550.8713691246,40
174,422639.24508559826,41
175,424787.30906249036,41
176,427000.5610869443,42
177,429280.571955287,43
178,431182.8063070358,40
179,433148.6579100196,41
180,435111.3679203497,41
181,437006.5336886278,41
182,438956.6773283438,41
183,440708.9006308834,39
184,442292.26332829264,38
185,443936.1016842835,39
186,445543.02632659464,38
187,447210.42662748747,39
188,448901.38887328224,39
189,450579.78474846255,39
190,452281.74256854487,39
191,453876.10084024153,36
192,455457.1073431607,35
193,457044.3970313868,35
194,458687.4499892144,36
195,460189.9166757937,35
196,461507.0293958114,33
197,462809.2195507242,32
198,464162.46058625804,33
199,465568.32329873944,34
200,466963.1904369333,34
201,468378.4779273756,34
202,469777.27205638646,33
203,471029.98212700535,31
204,472207.2939739382,31
205,473434.0859051649,32
206,474711.9287170125,33
207,476019.6166590693,33
208,477379.9262780738,34
209,478794.42837035254,35
210,480168.87515629793,34
211,481595.1582210279,34
212,482980.600581261,34
213,484209.74870697793,31
214,485380.77736860357,29
215,486598.1445218694,30
216,487785.6665449264,28
217,489017.9562632971,29
218,490296.5844733082,30
219,491491.960477999,28
220,492580.52233246784,26
221,493570.9094165119,25
222,494562.86729688314,25
223,495594.8804835874,26
224,496642.6016335595,26
225,497729.5926917016,26
226,498837.004102092,26
227,499986.0416151425,27
228,501178.27602717985,28
229,502346.9484943152,28
230,503484.20503491466,28
231,504622.24697367754,27
232,505743.7955510091,26
233,506906.97023100074,27
234,508041.87057711004,25
235,509044.0386336051,24
236,510063.4854496949,24
237,511115.91898864764,24
238,512187.2020835217,24
239,513296.96968840226,25
240,514394.1709226686,25
241,515531.42746326793,26
242,516674.9671891747,26
243,517838.9272673297,26
244,518860.7302779098,25
245,519922.58859482314,26
246,520957.7433741809,26
247,522034.5242561988,27
248,522825.4202067401,25
249,523656.37146361446,26
250,524525.0218323321,26
251,525435.2983037098,27
252,526307.0902650809,26
253,527158.4618742038,26
254,528051.4595859864,27
255,528987.6541967562,28
256,529961.547919369,28
257,530980.2093372957,29
258,532045.2092468624,30
259,533135.341897658,30
260,534245.1095025387,29
261,535362.7310890533,29
262,536526.6911672082,30
263,537729.9211535329,30
264,538924.5117600607,29
265,540165.4408582286,30
266,541454.279244364,31
267,542632.37648946,30
268,543815.1861235366,30
269,544914.743552293,28
270,545838.3717924486,24
271,546738.4380877019,24
272,547506.5574915045,22
273,548310.0198126603,23
274,549150.3958474954,24
275,550029.2563923373,25
276,550805.2297777737,22
277,551616.5460805637,23
278,552457.7075135619,23
279,553313.7915116652,22
280,554205.2184271213,23
281,555133.5590562571,24
282,556096.4572045825,24
283,557097.8398629142,25
284,558139.2778275792,26
285,559222.3418949044,27
286,560348.6028612162,28
287,561430.0961322145,27
288,562554.7863021997,28
289,563712.4631950476,28
290,564694.2108992942,28
291,565625.6931210835,28
292,566504.5536659254,25
293,567423.4695171004,26
294,568369.0889058311,26
295,569299.785729457,25
296,570170.7922926648,25
297,571081.8541622056,26
298,572034.5421344071,27
299,572976.2345323205,27
300,573897.5065779856,27
301,574728.4578348603,26
302,575519.3537854013,25
303,576256.0572626682,24
304,576927.5726923731,23
305,577636.0018357575,24
306,578257.251783005,23
307,578856.5105816771,23
308,579427.4950464668,23
309,580025.1830488123,23
310,580659.7847648375,24
311,581332.8709908691,25
312,582046.0125232339,26
313,582655.4814980304,24
314,583303.4349828331,25
315,583934.8951062048,24
316,584535.724701204,23
317,585173.4680098826,24
318,585849.6958285677,25
319,586480.3705537759,23
320,587147.9589926635,24
321,587751.9301803163,23
322,588355.9013679692,23
323,588966.9411390923,22
324,589424.828268353,19
325,589877.2176104699,18
326,590299.7618223777,18
327,590736.4432012265,18
328,591202.1843121214,19
329,591698.5559513886,20
330,592215.3479429041,20
331,592735.2815270732,20
332,593207.3058232751,19
333,593709.9606478495,20
334,594244.8167971232,21
335,594813.4450674229,22
336,595404.0644862978,22
337,596030.0268225255,23
338,596692.902872433,24
339,597394.263432347,25
340,598135.679298594,26
341,598908.5110913772,26
342,599514.0530753566,25
343,600052.0508172838,23
344,600588.4777628843,23
345,601161.8184221644,24
346,601724.9489053201,23
347,602243.3116931627,22
348,602797.017398358,23
349,603387.6368172325,24
350,603901.2872160946,22
351,604450.2805323094,23
352,604962.3601348447,22
353,605432.0282365563,20
354,605933.8976629673,21
355,606438.9086820318,21
356,606948.6320900769,21
357,607483.4882393507,21
358,608052.1165096504,22
359,608636.4527432182,22
360,609109.2624375834,20
361,609519.2402788769,18
362,609958.2778522159,19
363,610427.9459539278,20
364,610929.8153803385,21
365,611393.2002967431,20
366,611870.7223800886,20
367,612380.4457881338,21
368,612865.8218531134,20
369,613356.6957052366,19
370,613878.2000857327,20
371,614431.905790928,21
372,615019.3836171493,22
373,615558.16675724,20
374,616082.8127303895,20
375,616639.6600282383,21
376,617192.58033527,20
377,617725.8656882169,19
378,618289.7815695363,20
379,618869.4054141233,20
380,619381.4850166588,20
381,619738.8411810047,17
382,620113.4761049452,17
383,620499.1066031732,17
384,620912.2260371202,18
385,621354.4052031132,19
386,621692.1264133739,18
387,622058.9073556806,19
388,622392.7015751248,19
389,622757.126322941,20
390,623105.8431074894,20
391,623438.85192877,20
392,623729.4492492271,18
393,624037.3253292786,18
394,624367.1925579057,18
395,624726.1195185784,19
396,625115.6770076234,20
397,625511.5176819757,20
398,625868.8738463215,19
399,626243.5087702621,19
400,626592.2255548105,18
401,626914.2388018034,16
402,627262.1701881887,17
403,627624.2387415149,17
404,627975.3117205536,17
405,628353.873635311,18
406,628761.4952821143,19
407,629199.7474572903,20
408,629670.2009571652,21
409,630159.5040129618,21
410,630639.3822907974,21
411,631098.0548182216,18
412,631519.813631966,17
413,631969.0613814296,18
414,632430.0901033436,17
415,632849.4927225978,16
416,633235.9086189893,16
417,633625.4661080342,16
418,634040.9417364716,17
419,634450.1341796018,17
420,634886.8155584508,18
421,635352.5566693455,19
422,635848.9283086127,20
423,636331.1627809389,20
424,636845.5985779642,21
425,637367.8883566235,21
426,637923.9502563089,22
427,638493.363924772,21
428,639096.5497142612,22
429,639735.0784211034,23
430,640368.1093408018,22
431,640987.003093559,20
432,641491.2287144604,16
433,642013.5184931196,15
434,642560.1556148442,16
435,643132.7108759609,17
436,643732.7550727963,18
437,644355.5758163707,17
438,644983.8943470888,16
439,645635.7748227086,16
440,646293.9384836357,16
441,646863.3521520987,15
442,647457.1131636271,16
443,648076.7923145477,17
444,648723.9604011873,18
445,649391.5488400751,18
446,650023.0089634467,18
447,650674.8894390664,18
448,651285.9292101896,18
449,651893.8273886592,18
450,652523.7167157042,18
451,653169.3140060172,18
452,653797.6325367348,18
453,654452.6546050081,18
454,655047.9864128634,16
455,655524.7230980457,15
456,655985.7518199598,15
457,656467.2008941226,15
458,656932.9420050174,15
459,657403.3955048922,15
460,657898.1963478328,16
461,658375.7184311784,16
462,658845.38653289,16
463,659302.4882639875,16
464,659785.5081344768,17
465,660293.6607461949,17
466,660826.9460991418,17
467,661387.7203878075,18
468,661977.5544085192,19
469,662482.5654275834,19
470,662850.1317680535,18
471,663215.3419140332,17
472,663557.7755132745,16
473,663908.8484923132,15
474,664258.350675025,15
475,664632.2002008022,16
476,665031.9678659715,17
477,665368.1182799055,16
478,665682.2775452647,16
479,665967.3770785779,15
480,666276.8239549564,16
481,666574.4898588841,15
482,666889.4345224065,15
483,667215.3747602166,15
484,667538.1734053727,15
485,667825.6291331763,14
486,668116.2264536334,14
487,668419.3901447046,14
488,668719.4122431226,14
489,669026.502925011,13
490,669279.401133625,12
491,669491.4586377422,12
492,669612.4099549055,10
493,669749.8546335002,11
494,669905.3634698527,12
495,670078.1510658001,12
496,670219.5227352116,10
497,670377.3877660546,11
498,670553.3169546556,12
499,670727.6753469299,12
500,670921.6686932889,13
501,671136.8677900598,14
502,671374.8434335693,15
503,671628.5270403468,15
504,671852.3655169151,13
505,672053.4274467446,12
506,672230.1420335091,11
507,672399.0026386396,11
508,672585.9274015281,12
509,672790.1309240115,12
510,672941.7127695472,11
511,673111.358772841,12
512,673300.6397302196,13
513,673511.1264380104,14
514,673738.8919053957,14
515,673989.4339195192,15
516,674191.2812475124,13
517,674414.3343259173,14
518,674606.7568759497,13
519,674820.3851763939,14
520,675046.5798474522,14
521,675295.5510652491,15
522,675568.8696261116,16
523,675847.6859741178,15
524,676114.721349673,14
525,676344.8430115484,13
526,676596.1704238357,14
527,676858.4934104105,14
528,677138.0951565797,14
529,677356.4358460043,12
530,677582.6305170628,12
531,677802.5420028141,12
532,677948.6260612061,10
533,678111.2034810295,11
534,678272.2101045258,11
535,678447.3538949635,11
536,678640.5618431594,12
537,678853.40474544,13
538,679087.4533981326,14
539,679316.004263681,13
540,679565.7608796414,14
541,679838.2940423405,15
542,680076.2696858498,15
543,680326.8116999735,15
544,680601.7010571627,16
545,680834.9643116917,15
546,681051.7342047893,14
547,681277.1434776842,13
548,681500.9819542527,13
549,681746.0261812326,14
550,681989.4996118859,14
551,682255.7495892775,15
552,682500.7938162575,14
553,682744.2672469108,14
554,683004.2340389956,13
555,683235.1410990342,12
556,683485.6831131579,13
557,683757.4308776936,14
558,684049.5989944773,14
559,684296.9994159474,13
560,684545.1852355811,12
561,684813.0060092995,13
562,685066.6896160768,13
563,685341.578973266,14
564,685549.7094865664,13
565,685779.0457502784,14
566,685976.1806892912,13
567,686182.7404062647,13
568,686395.5833085454,13
569,686629.6319612379,14
570,686847.187252499,13
571,687074.167321721,13
572,687264.2336772631,12
573,687473.9349868903,13
574,687648.2933791644,12
575,687842.2867255234,13
576,688029.2114884121,12
577,688235.7712053857,13
578,688437.6185333789,13
579,688621.4017036138,12
580,688747.8508079209,11
581,688886.8662828422,11
582,689017.2423779661,10
583,689164.1118345216,11
584,689329.0454488351,12
585,689500.2622484557,12
586,689691.1140021613,13
587,689883.5365521937,13
588,690091.6670654939,13
589,690309.2223567549,13
590,690547.9833984281,14
591,690775.7488658131,14
592,690968.9568140086,14
593,691184.9413089432,15
594,691356.1581085639,12
595,691547.0098622693,13
596,691759.0673663866,14
597,691993.9014172426,15
598,692217.7398938107,15
599,692451.0031483397,15
600,692672.4854304178,14
601,692858.6247951431,13
602,693065.9699102801,14
603,693285.095997868,13
604,693525.4278358675,14
605,693764.9742757038,13
606,694025.7264659518,14
607,694264.4875076247,14
608,694468.691030108,12
609,694692.5295066762,13
610,694893.5914365061,12
611,695105.6489406233,12
612,695337.3413988255,13
613,695547.0427084528,13
614,695777.9497684917,14
615,696031.6333752689,15
616,696309.6643251115,16
617,696611.2572198563,16
618,696915.9917072544,14
619,697192.4518607702,12
620,697488.546968371,13
621,697764.2217237236,13
622,698061.1022294876,14
623,698356.411938925,14
624,698674.4981951013,15
625,698974.5202935188,14
626,699224.2769094792,14
627,699496.8100721781,15
628,699775.6264201843,15
629,700078.7901112556,16
630,700389.8077839612,16
631,700622.2856403268,14
632,700873.6130526139,14
633,701080.9581677509,14
634,701263.170541659,12
635,701465.0178696522,13
636,701682.5731609132,13
637,701921.3342025861,14
638,702142.8164846642,14
639,702349.3762016377,13
640,702566.9314928987,13
641,702794.6969602839,12
642,703006.7544644014,12
643,703225.0951538258,12
644,703375.1062030348,11
645,703512.5508816292,11
646,703668.059717982,12
647,703818.8561653544,12
648,703952.3738531319,12
649,704105.5264949944,13
650,704279.8848872687,14
651,704416.5441676998,12
652,704572.8384022157,13
653,704743.2698036731,13
654,704923.1259830911,13
655,705104.552958836,13
656,705298.5463051952,13
657,705508.2476148222,13
658,705706.9533501616,13
659,705926.8648359131,14
660,706135.7807473767,12
661,706364.3316129253,13
662,706573.2475243891,12
663,706787.6612229967,11
664,706936.1014758787,9
665,707099.4642938653,10
666,707270.681093486,10
667,707445.0394857603,10
668,707635.8912394658,11
669,707844.8071509295,12
670,708061.5770440274,12
671,708295.6256967197,12
672,708507.683200837,12
673,708726.0238902615,12
674,708955.3601539737,12
675,709201.9751772805,12
676,709408.534894254,11
677,709633.1587689857,12
678,709857.7826437174,12
679,710033.7118323185,12
680,710200.2162429587,10
681,710376.1454315598,10
682,710518.3024991347,9
683,710601.5547044547,8
684,710698.1586785526,9
685,710805.7582269382,9
686,710928.2803404281,10
687,710995.8245824802,8
688,711076.7205933103,9
689,711157.6166041401,9
690,711253.4351800747,10
691,711365.7471174404,11
692,711496.1232125645,12
693,711637.4948819762,12
694,711798.5015054725,13
695,711980.7138793807,14
696,712170.780234923,14
697,712357.7049978115,14
698,712533.6341864123,12
699,712671.078865007,9
700,712823.446108706,10
701,712992.3067138365,11
702,713170.5920969278,11
703,713359.8730543064,11
704,713567.2181694434,12
705,713705.4482462015,10
706,713860.1716843909,11
707,714032.9592803383,12
708,714158.622986482,10
709,714300.7800540569,11
710,714461.0012793898,12
711,714640.8574588079,13
712,714823.8552308797,13
713,715014.7069845853,13
714,715200.8463493104,13
715,715350.8573985193,13
716,715513.4348183427,13
717,715685.4370161267,13
718,715876.2887698322,13
719,716003.5232723029,10
720,716133.8993674268,10
721,716206.1559984593,8
722,716291.7643982697,9
723,716380.5143907336,9
724,716473.9767721778,9
725,716558.7997738246,8
726,716656.9745442495,9
727,716770.0718797786,10
728,716861.9634648962,9
729,716968.7776151183,10
730,717081.8749506475,10
731,717211.465647608,11
732,717314.3528070132,11
733,717421.1669572353,10
734,717544.4744688886,11
735,717685.8461383,12
736,717828.7886040387,12
737,717922.2509854827,9
738,718028.2797375413,9
739,718134.3084896001,9
740,718221.4876857372,9
741,718323.5894469788,10
742,718442.1845696518,11
743,718569.4190721222,10
744,718713.146936024,11
745,718858.4455962523,11
746,719016.3106270953,11
747,719186.7420285525,11
748,719375.2375877678,12
749,719583.3681010682,13
750,719786.7862253881,13
751,719993.3459423616,13
752,720221.1114097469,14
753,720471.6534238708,15
754,720740.2595957526,14
755,720948.3901090531,13
756,721165.1600021507,12
757,721385.0714879018,12
758,721624.6179277382,13
759,721867.3059602279,13
760,722113.1355853714,13
761,722347.9696362271,13
762,722604.0094374948,14
763,722855.3368497819,14
764,723057.184177775,13
765,723280.2372561799,14
766,723526.0668813233,15
767,723683.9319121662,13
768,723848.0801283164,13
769,724033.434094878,14
770,724241.5646081782,15
771,724434.7725563742,14
772,724631.1220972235,14
773,724850.2481848114,15
774,725045.0269293338,14
775,725211.531339974,12
776,725368.6109726536,12
777,725545.3255594181,13
778,725743.2458965941,14
779,725938.8100392801,13
780,726108.456042574,12
781,726264.7502770899,11
782,726439.108669364,12
783,726633.1020157235,13
784,726823.1683712658,12
785,727022.6595047684,12
786,727193.0909062256,11
787,727381.586465441,12
788,727515.1041532187,10
789,727651.7634336499,10
790,727804.9160755123,11
791,727976.1328751331,12
792,728109.6505629105,12
793,728248.6660378318,11
794,728385.325318263,10
795,728474.8607088904,8
796,728577.7478682953,9
797,728688.4890093344,9
798,728814.152715478,10
799,728933.5332363143,10
800,729069.4071185822,11
801,729223.3451586079,12
802,729396.9181527188,13
803,729543.787609274,11
804,729708.7212235874,12
805,729880.7234213715,11
806,730043.3008411947,11
807,730223.9424187761,12
808,730358.2455047171,11
809,730485.4800071876,10
810,730609.5729170043,10
811,730728.9534378408,8
812,730861.6857274548,9
813,730939.4401456312,7
814,731028.9755362585,8
815,731131.8626956636,9
816,731249.6724201731,10
817,731383.9755061142,11
818,731515.922397565,10
819,731619.5949551335,8
820,731716.9843273947,8
821,731768.0352080155,7
822,731820.6568849632,7
823,731885.0595343617,8
824,731962.8139525381,9
825,732055.490935819,10
826,732134.8161503221,9
827,732221.9953464591,9
828,732324.0971077009,10
829,732442.6922303739,11
830,732562.0727512104,10
831,732653.9643363279,9
832,732760.7784865499,10
833,732858.9532569746,9
834,732972.0505925036,10
835,733101.6412894643,11
836,733249.2961441831,12
837,733416.5859529866,13
838,733591.7297434243,13
839,733742.5261907966,12
840,733912.9575922539,13
841,734062.1832432995,12
842,734200.4133200572,10
843,734322.1500353838,9
844,734442.3159543835,9
845,734554.6278917494,9
846,734659.0858474813,9
847,734717.2053115726,8
848,734786.3203499516,8
849,734868.7871571084,9
850,734966.1765293697,10
851,735074.5614759184,10
852,735199.4397838988,11
853,735342.382249637,12
854,735497.8910859895,12
855,735640.833551728,12
856,735762.5702670547,11
857,735864.6720282963,10
858,735983.2671509694,11
859,736094.7936901719,10
860,736222.8135908055,11
861,736338.267120825,11
862,736456.0768453347,10
863,736590.3799312757,11
864,736742.7471749746,12
865,736893.5436223471,12
866,737063.9750238042,13
867,737216.3422675033,12
868,737348.2891589543,10
869,737496.7294118364,11
870,737663.2338224765,12
871,737833.6652239339,11
872,738022.1607831492,12
873,738230.2912964495,13
874,738418.0014575016,11
875,738615.1363965144,11
876,738830.3354932851,12
877,739023.5434414808,12
878,739177.481481507,12
879,739321.994743572,12
880,739486.142959722,13
881,739664.4283428132,13
882,739779.8818728327,9
883,739864.7048744797,8
884,739962.8796449043,9
885,740063.4106098191,8
886,740130.9548518714,6
887,740204.7822792307,6
888,740262.901743322,6
889,740331.2313835376,7
890,740408.985801714,7
891,740476.5300437663,6
892,740554.2844619425,7
893,740622.614102158,7
894,740702.7247148246,8
895,740789.1185127982,8
896,740873.9415144452,8
897,740972.1162848698,9
898,741046.7291103926,9
899,741136.26450102,10
900,741236.7954659348,10
901,741342.0388198299,10
902,741432.3596086209,9
903,741488.122878222,7
904,741517.9680084313,6
905,741549.3839349672,6
906,741591.0100376272,7
907,741637.3485292676,7
908,741695.4679933592,8
909,741758.299846431,8
910,741834.4834682804,9
911,741915.3794791104,9
912,742011.198055045,10
913,742114.8706126135,10
914,742216.1869756915,9
915,742332.4259038746,10
916,742461.2312026718,10
917,742599.4612794295,10
918,742754.1847176189,11
919,742926.9723135664,12
920,743090.335131553,12
921,743203.4324670824,10
922,743333.023164043,11
923,743444.5497032453,8
924,743532.5142975459,8
925,743620.4788918464,8
926,743721.7952549247,9
927,743800.3350712644,8
928,743886.728869238,8
929,743980.9766488458,8
930,744068.9412431463,8
931,744170.2576062245,9
932,744286.4965344074,10
933,744415.3018332046,10
934,744553.5319099625,10
935,744671.3416344721,10
936,744783.6535718378,9
937,744898.3217036938,8
938,744987.0716961578,7
939,745069.5385033146,7
940,745163.7862829223,8
941,745252.5362753861,7
942,745324.0075082553,7
943,745407.2597135755,8
944,745501.5074931831,8
945,745598.8968654444,8
946,745699.4278303592,8
947,745813.3105640517,9
948,745930.3348903981,9
949,746055.2131983782,9
950,746100.7662918551,6
951,746156.5295614564,7
952,746224.0738035087,8
953,746304.9698143386,9
954,746400.788390273,10
955,746482.4697992664,8
956,746546.0870505016,7
957,746612.8458943906,7
958,746691.3857107302,8
959,746777.7795087039,8
960,746877.5250754553,9
961,746969.4166605729,9
962,747076.2308107949,10
963,747189.328146324,10
964,747316.5626487945,10
965,747423.3767990166,10
966,747536.4741345457,10
967,747666.0648315061,11
968,747813.7196862252,12
969,747951.9497629828,10
970,748093.3214323943,10
971,748251.1864632374,11
972,748427.1156518382,12
973,748559.8479414524,11
974,748710.6443888247,12
975,748877.1487994652,12
976,748958.044810295,9
977,749053.8633862295,10
978,749166.1753235955,11
979,749289.4828352487,11
980,749383.7306148565,10
981,749433.9960973138,6
982,749494.4717558955,7
983,749554.947414477,7
984,749627.2040455097,8
985,749712.81244532,9
986,749807.845623091,9
987,749909.1619861694,9
988,749989.2725988359,8
989,750064.6708225221,8
990,750147.9230278422,8
991,750240.6000111231,8
992,750346.6287631819,9
993,750467.5800803448,10
994,750590.102193835,10
995,750702.4141312008,9
996,750820.2238557102,8
997,750951.3853489978,9
998,751077.8344533048,9
999,751205.8543539385,9
1000,751292.2481519124,6
1001,751355.080004984,6
1002,751428.12203418,7
1003,751498.0224707223,7
1004,751566.3521109379,7
1005,751646.4627236045,8
1006,751739.9251050487,9
1007,751848.3100515977,10
1008,751970.8321650876,10
1009,752065.8653428586,9
1010,752159.3277243029,9
1011,752233.9405498257,9
1012,752321.1197459629,9
1013,752405.9427476097,8
1014,752473.4869896619,6
1015,752528.4648610998,6
1016,752574.0179545769,6
1017,752607.7900756028,5
1018,752639.9914003023,5
1019,752672.1927250016,5
1020,752703.6086515373,4
1021,752742.0931615438,5
1022,752766.4405046091,5
1023,752799.4272274718,6
1024,752838.6971356417,6
1025,752888.1772199358,7
1026,752949.4382766808,8
1027,753016.9825187329,8
1028,753097.8785295628,9
1029,753189.7701146804,9
1030,753278.5201071444,9
1031,753364.1285069546,9
1032,753452.8784994187,9
1033,753505.5001763663,7
1034,753569.902825765,8
1035,753647.6572439413,9
1036,753716.7722823202,8
1037,753781.1749317189,8
1038,753838.508997647,7
1039,753902.1262488822,7
1040,753943.752351542,5
1041,753994.0178339996,6
1042,754047.4249091105,6
1043,754080.4116319732,6
1044,754114.9691511628,6
1045,754159.7368464764,7
1046,754203.7191436269,6
1047,754257.9116169012,7
1048,754323.8850626264,8
1049,754380.4337303912,8
1050,754441.6947871363,8
1051,754513.9514181687,8
1052,754583.0664565477,8
1053,754653.7522912535,8
1054,754726.0089222861,8
1055,754811.6173220965,9
1056,754901.1527127236,8
1057,755000.1128813119,8
1058,755112.4248186776,9
1059,755216.097376246,8
1060,755333.1217025924,9
1061,755431.296473017,9
1062,755540.4668177292,9
1063,755609.5818561082,8
1064,755684.1946816308,7
1065,755757.2367108269,7
1066,755842.0597124738,8
1067,755925.3119177937,8
1068,756016.418104748,8
1069,756120.8760604797,9
1070,756182.1371172247,8
1071,756252.8229519305,8
1072,756309.3716196951,6
1073,756365.9202874596,6
1074,756432.6791313484,7
1075,756490.0131972764,7
1076,756556.7720411652,7
1077,756635.3118575049,8
1078,756723.2764518055,8
1079,756788.4644993674,7
1080,756865.4335193803,8
1081,756953.3981136808,8
1082,757054.7144767592,9
1083,757167.026414125,9
1084,757256.5618047522,8
1085,757359.4489641575,9
1086,757462.3361235623,7
1087,757540.8759399019,6
1088,757629.625932366,7
1089,757717.5905266665,6
1090,757815.7652970912,7
1091,757906.0860858818,7
1092,758008.1878471236,8
1093,758118.1435899992,8
1094,758222.601545731,7
1095,758295.643574927,7
1096,758373.3979931033,7
1097,758448.010818626,7
1098,758534.4046165998,8
1099,758589.3824880377,8
1100,758639.6479704952,8
1101,758693.0550456061,8
1102,758751.1745096976,8
1103,758818.7187517498,8
1104,758890.1899846189,7
1105,758951.4510413639,6
1106,759022.9222742331,7
1107,759106.1744795531,8
1108,759168.2209344616,7
1109,759242.0483618209,8
1110,759329.227557958,9
1111,759421.1191430755,9
1112,759493.375774108,8
1113,759570.3447941211,8
1114,759603.3315169838,6
1115,759644.1722214804,6
1116,759695.2231021014,7
1117,759748.6301772123,6
1118,759792.6124743626,6
1119,759839.7363641664,6
1120,759897.0704300944,7
1121,759948.1213107153,7
1122,759992.889006029,7
1123,760038.4420995062,6
1124,760088.7075819635,6
1125,760146.8270460548,6
1126,760186.8823523881,5
1127,760235.5770385187,6
1128,760275.632344852,5
1129,760324.3270309826,6
1130,760377.7341060936,6
1131,760421.7164032438,6
1132,760475.9088765184,7
1133,760537.9553314267,7
1134,760581.9376285769,6
1135,760624.3491294003,6
1136,760676.9708063481,7
1137,760741.3734557466,8
1138,760813.6300867791,8
1139,760890.5991067921,8
1140,760980.919895583,9
1141,761071.2406843735,9
1142,761141.9265190794,8
1143,761204.7583721512,8
1144,761278.5857995105,8
1145,761365.7649956476,9
1146,761439.592423007,8
1147,761526.771619144,9
1148,761621.8047969152,9
1149,761706.6277985622,8
1150,761771.0304479607,8
1151,761848.7848661371,9
1152,761941.461849418,10
1153,762050.6321941302,11
1154,762151.9485572085,11
1155,762257.1919111038,10
1156,762378.9286264305,11
1157,762491.2405637963,11
1158,762602.7671029986,10
1159,762711.9374477109,9
1160,762827.3909777303,9
1161,762953.8400820373,9
1162,763070.8644083836,9
1163,763106.2073257363,5
1164,763146.2626320696,5
1165,763194.9573182004,6
1166,763253.862180455,7
1167,763324.5480151608,8
1168,763408.5856186445,9
1169,763497.3356111082,9
1170,763590.7979925524,9
1171,763690.5435593041,9
1172,763805.2116911601,10
1173,763936.3731844474,11
1174,764059.6806961008,11
1175,764148.4306885648,9
1176,764241.893070009,9
1177,764336.9262477801,9
1178,764424.8908420807,8
1179,764519.1386216884,8
1180,764607.103215989,8
1181,764702.9217919233,8
1182,764760.2558578512,7
1183,764804.2381550017,6
1184,764840.3664705178,6
1185,764886.7049621582,7
1186,764930.6872593086,6
1187,764984.879732583,7
1188,765046.9261874913,7
1189,765110.5434387266,7
1190,765185.9416624126,8
1191,765272.3354603864,8
1192,765369.7248326476,8
1193,765480.4659736868,9
1194,765606.1296798302,10
1195,765745.9305529149,10
1196,765899.868592941,10
1197,766070.299994398,11
1198,766167.6893666593,8
1199,766278.4305076984,9
1200,766397.0256303714,9
1201,766530.5433181488,10
1202,766638.9282646978,10
1203,766747.3132112466,10
1204,766863.5521394295,10
1205,766942.8773539325,9
1206,767037.1251335402,10
1207,767118.8065425337,10
1208,767202.8441460172,9
1209,767284.5255550103,8
1210,767360.7091768599,7
1211,767448.6737711605,8
1212,767547.6339397484,8
1213,767659.9458771143,9
1214,767745.5542769246,7
1215,767752.6228603951,3
1216,767765.1892310095,4
1217,767784.8241850944,5
1218,767813.0985189767,6
1219,767851.5830289832,7
1220,767901.8485114407,8
1221,767963.1095681856,8
1222,768022.7998286039,8
1223,768093.4856633096,8
1224,768147.678136584,7
1225,768200.2998135318,7
1226,768251.3506941525,7
1227,768303.9723711001,7
1228,768354.2378535576,6
1229,768414.7135121392,7
1230,768479.9015597012,7
1231,768556.8705797141,8
1232,768643.2643776878,8
1233,768743.0099444393,9
1234,768843.5409093541,8
1235,768939.3594852886,8
1236,769012.4015144845,7
1237,769097.2245161316,8
1238,769195.3992865562,9
1239,769308.4966220855,10
1240,769431.0187355754,10
1241,769528.4081078367,10
1242,769606.162526013,9
1243,769696.4833148036,9
1244,769786.8041035945,9
1245,769883.4080776924,9
1246,769991.0076260776,9
1247,770094.6801836462,8
1248,770211.7045099924,9
1249,770343.6514014433,10
1250,770492.0916543251,11
1251,770648.3858888414,11
1252,770782.6889747822,11
1253,770898.9279029651,10
1254,771019.8792201282,10
1255,771154.9677042327,10
1256,771297.9101699711,10
1257,771434.5694504019,10
1258,771553.1645730751,9
1259,771657.6225288071,9
1260,771777.0030496434,10
1261,771910.5207374209,10
1262,772041.6822307083,9
1263,772187.7662891003,10
1264,772347.9875144332,10
1265,772499.5693599691,9
1266,772621.3060752957,7
1267,772754.8237630731,8
1268,772821.5826069618,7
1269,772894.6246361579,7
1270,772979.4476378047,8
1271,773050.9188706739,7
1272,773106.682140275,7
1273,773130.2440851768,4
1274,773160.8746135494,5
1275,773200.1445217193,6
1276,773249.6246060133,7
1277,773291.2507086735,7
1278,773344.6577837844,8
1279,773411.4166276732,9
1280,773483.6732587059,8
1281,773545.7197136142,7
1282,773597.5559923984,6
1283,773639.967493222,6
1284,773686.3059848624,5
1285,773726.3612911956,5
1286,773755.4210232414,5
1287,773793.1201350844,6
1288,773835.5316359078,6
1289,773864.5913679536,5
1290,773902.2904797967,6
1291,773950.1997677638,7
1292,774002.8214447114,7
1293,774044.4475473716,7
1294,774097.8546224826,8
1295,774138.6953269792,6
1296,774174.8236424956,6
1297,774221.1621341358,7
1298,774279.2815982273,8
1299,774328.7616825213,7
1300,774390.0227392664,8
1301,774421.4386658024,6
1302,774463.0647684623,7
1303,774516.4718435734,8
1304,774580.874492972,8
1305,774651.5603276778,8
1306,774710.4651899326,7
1307,774767.0138576973,6
1308,774797.6443860697,5
1309,774836.9142942396,6
1310,774886.3943785336,7
1311,774947.6554352787,8
1312,775019.9120663112,8
1313,775105.5204661215,9
1314,775206.0514310364,10
1315,775323.0757573826,11
1316,775440.1000837289,11
1317,775547.6996321144,9
1318,775670.2217456043,10
1319,775794.3146554212,10
1320,775915.2659725844,10
1321,776006.3721595383,8
1322,776086.4827722049,8
1323,776179.9451536494,9
1324,776288.330100198,10
1325,776413.2084081782,11
1326,776541.2283088121,11
1327,776658.2526351584,11
1328,776784.7017394654,11
1329,776901.7260658115,11
1330,777036.814549916,12
1331,777187.6109972883,12
1332,777320.3432869024,11
1333,777441.2946040656,10
1334,777578.7392826602,11
1335,777734.2481190128,12
1336,777909.3919094505,13
1337,778013.8498651824,11
1338,778109.6684411169,10
1339,778214.9117950122,10
1340,778332.7215195218,10
1341,778445.8188550511,10
1342,778555.7745979266,10
1343,778664.1595444756,10
1344,778767.832102044,10
1345,778887.9980210437,11
1346,779008.949338207,10
1347,779109.480303122,10
1348,779201.3718882393,9
1349,779278.3409082522,8
1350,779368.6616970431,9
1351,779473.9050509383,10
1352,779595.6417662648,11
1353,779704.0267128138,10
1354,779772.3563530294,9
1355,779855.6085583494,10
1356,779934.1483746892,10
1357,780029.1815524603,11
1358,780127.356322885,11
1359,780221.6041024927,10
1360,780332.3452435317,11
1361,780444.6571808975,11
1362,780561.6815072439,11
1363,780646.5045088906,8
1364,780734.469103191,8
1365,780835.7854662694,9
1366,780928.4624495503,8
1367,780993.6504971123,7
1368,781070.6195171252,8
1369,781153.8717224452,8
1370,781221.4159644975,6
1371,781290.5310028765,6
1372,781367.5000228892,6
1373,781454.6792190266,7
1374,781546.5708041439,7
1375,781640.0331855881,7
1376,781713.0752147841,7
1377,781797.898216431,8
1378,781875.6526346074,7
1379,781965.1880252348,8
1380,782068.0751846399,9
1381,782185.8849091494,10
1382,782290.3428648814,9
1383,782401.0840059204,9
1384,782518.1083322667,9
1385,782650.0552237175,10
1386,782798.4954765997,11
1387,782954.0043129523,10
1388,783047.4666943966,9
1389,783140.1436776773,8
1390,783213.1857068734,7
1391,783281.5153470888,7
1392,783357.6989689384,7
1393,783445.6635632389,8
1394,783538.3405465198,8
1395,783572.8980657094,6
1396,783617.6657610231,7
1397,783664.0042526635,7
1398,783722.1237167548,8
1399,783793.594949624,9
1400,783853.2852100423,8
1401,783926.3272392382,9
1402,784000.940064761,9
1403,784057.4887325256,6
1404,784121.8913819242,6
1405,784174.5130588717,5
1406,784235.7741156167,6
1407,784304.8891539957,6
1408,784384.2143684989,7
1409,784452.5440087143,7
1410,784530.2984268906,7
1411,784619.8338175181,8
1412,784722.720976923,9
1413,784840.5307014325,10
1414,784974.8337873737,11
1415,785102.0682898441,10
1416,785208.882440066,10
1417,785299.9886270202,8
1418,785385.5970268305,7
1419,785447.6434817389,7
1420,785521.4709090982,8
1421,785580.375771353,7
1422,785648.7054115686,7
1423,785708.3956719869,6
1424,785778.2961085292,7
1425,785849.7673413983,7
1426,785897.6766293657,7
1427,785957.3668897838,8
1428,786030.4089189797,9
1429,786085.3867904175,8
1430,786129.3690875679,6
1431,786183.5615608423,7
1432,786249.5350065676,8
1433,786318.6500449465,8
1434,786394.8336667962,7
1435,786464.7341033386,7
1436,786504.0040115083,6
1437,786553.4840958024,7
1438,786614.7451525475,8
1439,786671.293820312,8
1440,786735.6964697107,8
1441,786789.1035448217,6
1442,786834.6566382986,6
1443,786890.4199078999,7
1444,786924.192028926,5
1445,786966.6035297496,6
1446,786987.8092801612,5
1447,787010.5858268997,5
1448,787042.0017534357,6
1449,787063.2075038473,5
1450,787090.6964395663,5
1451,787119.756171612,5
1452,787144.1035146774,5
1453,787177.09023754,6
1454,787209.2915622393,5
1455,787250.132266736,6
1456,787295.6853602129,6
1457,787308.2517308273,4
1458,787327.8866849123,5
1459,787356.1610187945,6
1460,787382.0791581868,5
1461,787400.9287141083,4
1462,787424.4906590101,4
1463,787452.7649928925,4
1464,787488.1079102454,5
1465,787514.0260496375,5
1466,787536.802596376,5
1467,787568.218522912,6
1468,787605.917634755,6
1469,787646.7583392516,6
1470,787675.8180712974,5
1471,787704.0924051796,4
1472,787739.4353225325,5
1473,787779.4906288658,5
1474,787824.2583241794,5
1475,787865.8844268395,5
1476,787913.7937148067,5
1477,787967.9861880812,5
1478,788030.8180411529,6
1479,788095.2206905516,6
1480,788167.4773215841,6
1481,788247.5879342506,6
1482,788337.9087230413,7
1483,788440.010484283,8
1484,788549.1808289953,7
1485,788632.4330343154,6
1486,788710.972850655,6
1487,788733.7493973935,5
1488,788753.3843514785,5
1489,788781.6586853608,6
1490,788820.1431953673,7
1491,788863.3400943541,7
1492,788918.317965792,8
1493,788986.6476060075,9
1494,789061.2604315304,9
1495,789150.7958221578,10
1496,789208.1298880856,7
1497,789277.2449264647,8
1498,789320.4418254517,5
1499,789372.2781042359,6
1500,789430.3975683271,6
1501,789482.2338471116,6
1502,789544.2803020198,7
1503,789611.0391459086,7
1504,789669.15861,6
1505,789737.4882502154,7
1506,789776.7581583854,6
1507,789826.2382426794,7
1508,789887.4992994245,8
1509,789944.8333653524,7
1510,789983.3178753587,5
1511,790023.3731816921,5
1512,790032.0125614895,3
1513,790039.08114496,3
1514,790046.1497284306,3
1515,790058.7160990449,4
1516,790078.3510531299,5
1517,790097.9860072149,5
1518,790119.1917576265,5
1519,790139.6121098748,4
1520,790155.3200731429,4
1521,790171.0280364107,4
1522,790193.8045831493,5
1523,790218.1519262146,5
1524,790251.1386490773,6
1525,790273.9151958157,5
1526,790299.8333352078,5
1527,790328.8930672535,5
1528,790362.6651882796,5
1529,790405.076689103,6
1530,790441.2050046192,6
1531,790487.5434962598,7
1532,790540.1651732074,7
1533,790604.5678226058,8
1534,790665.0434811875,7
1535,790737.3001122201,8
1536,790815.8399285597,8
1537,790907.7315136773,9
1538,791014.5456638995,10
1539,791126.8576012652,9
1540,791254.0921037355,10
1541,791389.1805878402,10
1542,791484.9991637745,8
1543,791580.0323415457,7
1544,791631.0832221665,5
1545,791685.2756954408,5
1546,791708.0522421794,5
1547,791728.4725944278,4
1548,791755.9615301467,5
1549,791792.0898456628,6
1550,791814.8663924014,5
1551,791846.2823189374,6
1552,791878.4836436365,5
1553,791909.114172009,5
1554,791948.3840801789,6
1555,791997.8641644729,7
1556,792027.7092946821,6
1557,792059.1252212181,6
1558,792087.3995551004,6
1559,792121.9570742899,6
1560,792158.0853898063,6
1561,792191.0721126689,6
1562,792224.0588355316,6
1563,792253.1185675773,5
1564,792290.8176794203,6
1565,792338.7269673877,7
1566,792388.9924498451,6
1567,792449.4681084265,7
1568,792521.7247394592,8
1569,792600.264555799,8
1570,792692.1561409164,9
1571,792776.9791425633,8
1572,792850.0211717593,7
1573,792932.4879789159,7
1574,793016.5255823993,7
1575,793078.5720373079,7
1576,793152.3994646672,8
1577,793211.304326922,7
1578,793281.9901616278,8
1579,793366.0277651113,9
1580,793444.5675814511,8
1581,793505.8286381962,6
1582,793553.7379261634,5
1583,793610.2865939279,6
1584,793665.2644653658,6
1585,793730.4525129278,7
1586,793783.0741898754,7
1587,793830.9834778426,5
1588,793871.0387841759,5
1589,793919.7334703066,6
1590,793976.282138071,6
1591,794043.04098196,7
1592,794117.6538074827,7
1593,794204.0476054563,8
1594,794303.7931722079,9
1595,794391.7577665084,8
1596,794493.0741295867,9
1597,794603.8152706256,9
1598,794709.0586245209,8
1599,794827.653747194,9
1600,794961.1714349714,10
1601,795080.5519558078,8
1602,795198.3616803176,8
1603,795283.1846819645,8
1604,795381.359452389,9
1605,795474.03643567,8
1606,795545.5076685391,7
1607,795618.549697735,7
1608,795703.372699382,8
1609,795801.5474698066,9
1610,795862.0231283883,7
1611,795919.3571943163,7
1612,795975.905862081,6
1613,796004.9655941267,5
1614,796020.6735573945,4
1615,796029.3129371919,3
1616,796043.4501041331,4
1617,796064.6558545447,5
1618,796081.9346141395,4
1619,796106.2819572048,5
1620,796126.7023094533,4
1621,796133.7708929238,3
1622,796143.9810690479,3
1623,796159.689032316,4
1624,796171.4700047668,3
1625,796188.7487643616,4
1626,796207.5983202831,4
1627,796233.5164596752,5
1628,796268.0739788647,6
1629,796312.8416741784,7
1630,796362.3217584724,7
1631,796411.8018427665,7
1632,796467.5651123676,7
1633,796535.1093544198,8
1634,796608.9367817792,8
1635,796659.2022642366,6
1636,796699.2575705699,5
1637,796725.9611081253,4
1638,796740.8836732298,3
1639,796761.3040254782,4
1640,796786.4367667069,4
1641,796818.6380914061,5
1642,796859.4787959029,6
1643,796910.5296765236,7
1644,796953.7265755106,7
1645,797004.7774561314,7
1646,797063.6823183863,7
1647,797122.587180641,7
1648,797176.7796539154,7
1649,797227.0451363729,6
1650,797256.890266582,4
1651,797284.3792023009,3
1652,797313.4389343465,3
1653,797347.9964535361,4
1654,797384.1247690523,4
1655,797427.3216680391,5
1656,797479.1579468234,6
1657,797537.2774109148,6
1658,797601.6800603134,6
1659,797676.2928858361,7
1660,797710.8504050256,6
1661,797750.1203131955,6
1662,797799.6003974894,7
1663,797860.8614542346,8
1664,797928.4056962867,8
1665,797971.6025952736,7
1666,798007.7309107899,6
1667,798054.0694024303,7
1668,798094.9101069269,6
1669,798131.8238206067,5
1670,798177.3769140837,6
1671,798222.9300075606,6
1672,798263.7707120574,6
1673,798283.4056661424,5
1674,798311.6800000246,6
1675,798346.2375192142,6
1676,798391.0052145278,7
1677,798420.0649465736,5
1678,798457.7640584166,6
1679,798490.7507812793,6
1680,798510.3857353643,5
1681,798532.3768839394,4
1682,798552.7972361878,4
1683,798577.9299774164,4
1684,798610.1313021157,5
1685,798648.6158121222,5
1686,798695.739701926,6
1687,798753.0737678541,7
1688,798822.188806233,8
1689,798884.2352611414,7
1690,798958.0626885009,8
1691,799039.744097494,8
1692,799108.0737377096,7
1693,799160.6954146574,7
1694,799221.1710732388,7
1695,799271.4365556962,6
1696,799331.9122142778,7
1697,799383.7484930621,6
1698,799441.8679571535,6
1699,799510.197597369,7
1700,799562.8192743167,7
1701,799627.2219237152,8
1702,799702.6201474012,8
1703,799768.5935931267,8
1704,799836.137835179,8
1705,799896.6134937606,7
1706,799959.4453468323,6
1707,800032.4873760283,7
1708,800087.465247466,6
1709,800142.4431189038,6
1710,800195.0647958515,5
1711,800256.3258525963,6
1712,800289.312575459,4
1713,800329.3678817922,5
1714,800378.062567923,6
1715,800425.1864577266,6
1716,800482.5205236549,7
1717,800539.8545895828,7
1718,800608.9696279617,8
1719,800685.9386479747,8
1720,800755.8390845171,7
1721,800822.597928406,7
1722,800901.1377447456,8
1723,800990.6731353729,8
1724,801074.7107388565,7
1725,801153.2505551961,6
1726,801218.4386027581,5
1727,801275.7726686861,5
1728,801336.2483272677,5
1729,801403.0071711564,5
1730,801471.336811372,5
1731,801485.4739783132,4
1732,801506.6797287248,5
1733,801536.524858934,6
1734,801562.4429983262,5
1735,801597.0005175155,6
1736,801641.7682128293,7
1737,801689.6775007966,7
1738,801749.3677612147,8
1739,801800.4186418356,7
1740,801863.2504949075,8
1741,801935.50712594,8
1742,802007.7637569725,8
1743,802083.1619806587,8
1744,802160.916398835,7
1745,802250.4517894624,8
1746,802310.9274480438,7
1747,802360.4075323379,7
1748,802421.6685890829,8
1749,802492.3544237887,8
1750,802576.3920272723,9
1751,802659.6442325923,8
1752,802741.3256415859,8
1753,802816.7238652718,8
1754,802882.6973109973,6
1755,802958.8809328468,7
1756,803029.5667675526,6
1757,803110.4627783826,7
1758,803172.5092332908,5
1759,803228.2725028921,5
1760,803288.7481614737,5
1761,803357.8631998526,6
1762,803431.6906272119,6
1763,803515.7282306956,7
1764,803609.1906121399,7
1765,803694.7990119501,7
1766,803723.8587439959,5
1767,803761.5578558389,6
1768,803797.6861713552,6
1769,803844.0246629957,7
1770,803902.1441270871,8
1771,803968.1175728125,8
1772,804045.0865928254,8
1773,804133.051187126,8
1774,804206.0932163219,7
1775,804290.9162179687,8
1776,804374.1684232889,8
1777,804458.9914249359,8
1778,804542.2436302558,8
1779,804580.7281402623,7
1780,804623.9250392491,7
1781,804647.4869841511,4
1782,804678.1175125234,5
1783,804717.3874206934,6
1784,804748.8033472294,6
1785,804783.3608664187,6
1786,804820.2745800985,5
1787,804857.1882937782,5
1788,804896.4582019481,4
1789,804942.7966935884,5
1790,804993.8475742093,5
1791,805053.5378346276,6
1792,805123.4382711698,7
1793,805205.1196801631,8
1794,805291.5134781371,8
1795,805361.4139146793,7
1796,805434.4559438752,7
1797,805516.922751032,7
1798,805605.6727434959,7
